file_size,filename_upper
1790333,01E1CA27880A97B30FF638A954548F43.JPG
6407633,0208D0BB2360E0A9258D475F793F8C70.JPG
614580,02D5FED34AF80E78353022961D8F357C.JPG
2170199,03D1A49D1F301453AF1BEDD1A6DA5EAD.JPG
1440745,06F4F4383F0EDF39F95E41EE42FA2BF9.JPG
7351080,0A5E26DB0A94F1B13F26AE93FA00A208.JPG
3572918,0AA8417A14D8017656044F8906E3FCF3.JPG
5048422,0C5A99D8DEC7557BF563C416227C4256.JPG
1182165,0CF32B25B37DA9D1D1C67455205BCAD7.JPG
1517578,1270A4FF934E810E5B13450A1945C2DB.JPG
266905,128B16B1D83A289F66F320898A8630A5.JPG
2015100,129D7ADA52F3CF8BB78E5A1A40F3EE6D.JPG
5494888,141185AC8335B69693E017E1AA10050E.JPG
1636942,162CA366AFF904D33127805ABF220345.JPG
1326479,18B0E0CBD7F82517AA56848BC2557534.JPG
2598041,1A9FE4DBC9441257B8DAD1B8F5D3FBA0.JPG
3451082,22C4F36E95C934F4E87F8DB566ACA829.JPG
1247019,258BD4D5872CE8816733DCD7F98A75D6.JPG
669426,26174366C422EAA5ECA11041F34A6E7D.JPG
821823,274931A97DD55BDB9D12ABA22CC4E344.JPG
874705,28C304D16CFC13F4A0025C761214407A.JPG
1801169,2A8EBDF4FBA567B050C90AA01A7C9D03.JPG
1505777,2AFCACC10B77EE7E78FE800A5E185F7D.JPG
4854404,2C08433800349B5939D003F163338133.JPG
802898,2DBCA031545E5A3E2542EA65B53BCE99.JPG
1732102,2E5DDBED2CF4FD240EBAA587A7E1916C.JPG
4364201,2F2A6598B3B8FE0BFEE4ADDB47143672.JPG
5769973,316E9412B229BAB62052A4C1D7FC7951.JPG
3257320,31D0CED46B17505FC5CA8E2D5C423304.JPG
9977547,3384D7D2B95975CDBC32C0D156289C03.JPG
9350316,341015CA887DEB06B18FB3BC4F91C1AB.JPG
722281,35D2DDDED30EC25787A6CCE8D34E441B.JPG
1723711,3651A9B0087B53A0FCE81671BE9017C7.JPG
3670205,3751E472D3EC421D85898FE05595FB45.JPG
1818154,37F41DB94D89BD980C84218702D57DA1.JPG
2597292,3AA4C8EF2C48A9DC7379012E1C76D68D.JPG
2823527,3F4B2CF7F50A6B0AB69204628B752E4B.JPG
6214082,3F57E5C118ACA0BF9ADF09D1BC52C3EC.JPG
5290068,3FD5E79031BC7C7A8DD622B4C7A541D0.JPG
599176,40AB531C6A6F26CA40C95550D41587A7.JPG
1753008,41415623165489F25712656358BEF4DF.JPG
2256818,425846395E11C7C892A42EA754AD85EE.JPG
2814849,44925AFA28C1AC5FE36E8D74716BB6DA.JPG
1730651,48F40653F6D770C67DCF3C0E661BCD57.JPG
1352839,48F70EFD64C88B56C4F11240C099EC62.JPG
2656982,4B882FB6FDF155ABD42B1603CA889405.JPG
3656203,4E3A7815928C266D6D06060BD3334C13.JPG
781678,52985429CF59B978E520885DEA32A699.JPG
3223649,5323DD2C5AE7E9B5C8529C9C38894779.JPG
4411589,545B020759C9AF58E70BF487B425C09D.JPG
1701222,55923C00BA4FA300AFA4EFB09D36BB11.JPG
1324986,5756B29F461B2299204CA7B384657C14.JPG
1859073,5841B9EE20DE92EE17608E4BE5D0BF46.JPG
144491,59D88A38D35800F41FB723ABA9F017CB.JPG
2237382,59FC6FEAFAFD4D806090B9221FD17320.JPG
968499,5E25B3C9924305C4083E0F58D16032FE.JPG
8826499,61197848A22B82B331EC81737009F855.JPG
1543000,64A8FF3008E87ED2EDA092129A9218B8.JPG
1699543,64DE6C3DE0225F02F75D7EFABC66281D.JPG
2480998,6636BB445C6880159158729C607F02E7.JPG
1071815,690EF3A17578DD6F58F069955A346B7E.JPG
8264809,6AC68A92975299480833A0249F764A6C.JPG
13192,6B9667D2AF52FD5799FECE4C6B77D3DE.JPG
8526734,6B97CFC9EBEDFB294C04249A8E311994.JPG
2931941,6BC424701D5BF68F1137A691684EA88E.JPG
3685627,6D13F42E1C28EDB9B4152546DA957145.JPG
3022771,6D4D51A322B562FEC6B29486B062AA2D.JPG
6701971,77342F37E40D576D43960FAAA7C75A40.JPG
1306656,8372EF8297EB85C381E6F93A2C0F54E9.JPG
1696489,83BDDD0484E2B7EE961373BDF85AB667.JPG
1461400,86B8846EAC9C71E83B7DA29DC00A2EF2.JPG
6598302,8842284AB78C5A96E367072062947CFC.JPG
921136,8B463095484442357A55F168DB85E52B.JPG
1735946,8CE7F5C20AB95F1EBFEA60A7365CB5C8.JPG
1574863,8E43FE6039063AA4B72EB9AC41DAF00F.JPG
4426414,8E8CA726F8E0D16FC3024CA93F2A8A4A.JPG
5716997,8ED4DC6A40E553C5BA527D2AD1BFC612.JPG
1886957,8F26272D7150A824B77BE9F7F4D92BEB.JPG
1967092,911C1BCE78542528ADF0A340D9DAC406.JPG
5248039,9556B60FB0331F71FC02CE42C2BA085F.JPG
1245747,9711BC3F3310F5C403863D39E5A2AE80.JPG
3238691,971B8993438BE3A577987C5492075B5F.JPG
1470434,989CBAF3CFE0050360E0D092E43BFBEF.JPG
2354517,9AFD6747EBB1133DF5CC8FDE2B61FFC0.JPG
1560442,9C977F1DE67DCF601E6CD9324ED3C363.JPG
6470799,9D7AF9792D8EBCE04B7589A6B29B2541.JPG
2505854,9F7D5BD554758CE3A398FCDB71722DB2.JPG
620573,9FA7E841AC790D915489EE6171DC6ABD.JPG
1818432,A1EB18BB41AD6FDB9CF5A307C0B68A72.JPG
3213184,A44246A31F996AB3EEA8D11C9A5A799C.JPG
3004689,A5452C20DF6CAA534ACD9C8DA0D7F361.JPG
5498342,A7A89A296C60913C1B0E0F3B0C04E862.JPG
3938929,A86DF72692E5EBEE7F1976E95DDD9C4E.JPG
761921,A9AD01F69123EAA18E9D06E1D158F6BE.JPG
1098271,AEA0176033AB9592044F4BDF44737B33.JPG
1761947,AF57DD27A57B050E64311A332AE7D016.JPG
9563221,B099EB9E636EA8D0E46E00E2B7BB30FB.JPG
3127525,B0E2CCA0E894B9C2929495A071A11A7D.JPG
1818033,B2123CEC6561C61CB147FFEC3787CE15.JPG
892683,B328F1981B3CD295E60B5D02AF5FCAE4.JPG
7100294,B568B71EB4C4CC45519C329ACA3EA412.JPG
302852,B65DE7E89EF5AFD2CDA538BE45C5A38F.JPG
1671532,BA712D6878FE9438B205ABD8CBA8A10E.JPG
1359459,BC7FB2CBA0CCBF609769792862DF6996.JPG
3632747,BCB817224346B445AD87E97144BDE0E2.JPG
1665287,BE030E8CD529C46A3F6E59DA419EC98E.JPG
1221561,C8C7BC4BC44472C4622122ED1E444F67.JPG
1836982,C961D38BB5AA24649159A9066BA4EC9F.JPG
1347806,CAB28F284B3B390F149218CE0F90DE4B.JPG
1798698,CC97B0B242194D9E61AC8A0153877BC3.JPG
950746,CF52500F6F3C6A632AB738CF88578948.JPG
9074928,D15206E5DA363D0F0A1A42C012BE7150.JPG
1099376,D28C8CA26105CDF9FAFC4785D3D29EE0.JPG
6372342,D2BAADA846C254CCCA504B27795DED3F.JPG
1518353,D34BDB4D0717E1B7A1F3DBA68BD058C4.JPG
2187600,D3D80DD2B15110E2776DDE535B18892D.JPG
1812496,D462A72CCA7A171EEFC36DF5B0DE59A8.JPG
1122862,D55DEBF97D374B46AA195A1E25CCDEB3.JPG
1096224,D5B1A4215D6A3601290BA80D20476427.JPG
4787993,D5B5EDF8FA83CF1A50E1F06B816219D1.JPG
3255848,D621CB011DFD9CFFACF41100B8493BF0.JPG
998532,D6FDADF76DE634D27A151509A7C1EA85.JPG
2411147,D90DA32B550A65A1AE0D81ED40366E60.JPG
1268365,DBC019E2C29F7890FD75E5794EA51EA0.JPG
3076598,DDE113C0FEF3D5946012CD165E0DB487.JPG
1506466,DE0728F06A88641E904BBF6E49FFCC55.JPG
2028634,DE41102E895122B83234CC9D19DF8D5F.JPG
5156621,E94340FF2912B300296559B438D4E70F.JPG
1496101,EA31AB274393944E7A7BF3879936A39A.JPG
2115123,EA870FD204F3C480CE1AF0335CE5044B.JPG
639290,ED7898B23765924A878AAA8A63B9BBB6.JPG
2036275,ED7D730545A22A1B558C251FD7996B90.JPG
3218229,EFAF2FCDF5F6408C0E0FF1ECF5C01EAB.JPG
1246860,F1D94BF236DA0D17A7D9895119F0D912.JPG
5181714,F20846164749C08245C542A1D87A5B10.JPG
2142199,F24744E3A93DB9FFA6A8C1137928E101.JPG
6199752,F32E35A96557B90469EE12A0B256B334.JPG
2892485,F44F7936D99F7A15F23D208FE48185A9.JPG
7989563,F5ED6214E335CAEC3A8AB028ED98F45B.JPG
1165598,F8C8F22169D46C0761CCD976A96A63DC.JPG
1382870,F9A1B6493AC9878298A08AD26D5EE434.JPG
2869016,FD34984639395371781158948E846E2D.JPG
3347336,FD4510542AF5A5B053230F65C8B90854.JPG
0,03601820 BACK.JPG
0,100-SI-0.JPG
0,100-SI-1.JPG
0,100-SI-2.JPG
0,100-SI-2S.JPG
0,100-SI-2T.JPG
0,100.TIF
0,101-0.JPG
0,101-1.JPG
0,101-2.JPG
0,101-2S.JPG
0,101-2T.JPG
0,101.JPG
0,105-0.JPG
0,105-1.JPG
0,105-2.JPG
0,105-2S.JPG
0,105-2T.JPG
0,105-3.JPG
0,105-3S.JPG
0,105-3T.JPG
0,105.JPG
0,114-SI-0.JPG
0,114-SI-1.JPG
0,114-SI-2.JPG
0,114-SI-2S.JPG
0,114-SI-2T.JPG
0,114-SI.TIF
0,1141-0.JPG
0,1141-1.JPG
0,1141-2.JPG
0,1141-2S.JPG
0,1141-2T.JPG
0,1141.JPG
0,1143-0.JPG
0,1143-1.JPG
0,1143-2.JPG
0,1143-2S.JPG
0,1143-2T.JPG
0,115-SI-0.JPG
0,115-SI-1.JPG
0,115-SI-2.JPG
0,115-SI-2S.JPG
0,115-SI-2T.JPG
0,115-SI.TIF
0,11C-0.JPG
0,11C-1.JPG
0,11C-2.JPG
0,11C-2S.JPG
0,11C-2T.JPG
0,11C-3.JPG
0,11C-3S.JPG
0,11C-3T.JPG
0,11C.TIF
0,12000.JPG
0,12001.JPG
0,1300-0.JPG
0,1300-1.JPG
0,1300-2.JPG
0,1300-2S.JPG
0,1300-2T.JPG
0,1300-3.JPG
0,1300-3S.JPG
0,1300-3T.JPG
0,1300-4.JPG
0,1300-4S.JPG
0,1300-4T.JPG
0,1300-5.JPG
0,1300-5S.JPG
0,1300-5T.JPG
0,1300-6.JPG
0,1300-6S.JPG
0,1300-6T.JPG
0,1300-7.JPG
0,1300-7S.JPG
0,1300-7T.JPG
0,1300-8.JPG
0,1300-8S.JPG
0,1300-8T.JPG
0,13001.JPG
0,13002.JPG
0,13003.JPG
0,13004.JPG
0,13103.JPG
0,13103.PSD
0,135B-0.JPG
0,135B-1.JPG
0,135B-2.JPG
0,135B-2S.JPG
0,135B-2T.JPG
0,135B.JPG
0,14-100M.JPG
0,1400-0.JPG
0,1400-1.JPG
0,1400-2.JPG
0,1400-2S.JPG
0,1400-2T.JPG
0,1400-3.JPG
0,1400-3S.JPG
0,1400-3T.JPG
0,14000.JPG
0,14001.JPG
0,14001.PSD
0,14002.JPG
0,14002.PSD
0,14003.JPG
0,14004.JPG
0,1433C-0.JPG
0,1433C-1.JPG
0,1433C-15.TIF
0,1433C-2.JPG
0,1433C-2S.JPG
0,1433C-2T.JPG
0,1443-1-0.JPG
0,1443-1-1.JPG
0,1443-1-2.JPG
0,1443-1-2S.JPG
0,1443-1-2T.JPG
0,1443-1B.TIF
0,1453-1-0.JPG
0,1453-1-1.JPG
0,1453-1-2.JPG
0,1453-1-2S.JPG
0,1453-1-2T.JPG
0,145K-25.JPG
0,147K-25-0.JPG
0,147K-25-1.JPG
0,147K-25-2.JPG
0,147K-25-2S.JPG
0,147K-25-2T.JPG
0,147K-25.JPG
0,14C-0.JPG
0,14C-1.JPG
0,14C-2.JPG
0,14C-2S.JPG
0,14C-2T.JPG
0,14C.TIF
0,1500-0.JPG
0,1500-1.JPG
0,1500-2.JPG
0,1500-2S.JPG
0,1500-2T.JPG
0,1500-3.JPG
0,1500-3S.JPG
0,1500-3T.JPG
0,1500-4.JPG
0,1500-4S.JPG
0,1500-4T.JPG
0,1500-5.JPG
0,1500-5S.JPG
0,1500-5T.JPG
0,15000-0.JPG
0,15000-1.JPG
0,15000-2.JPG
0,15000-2S.JPG
0,15000-2T.JPG
0,15000.JPG
0,15001.JPG
0,15002.JPG
0,15003.JPG
0,15004.JPG
0,15C-0.JPG
0,15C-1.JPG
0,15C-2.JPG
0,15C-2S.JPG
0,15C-2T.JPG
0,15C.TIF
0,165KF-0.JPG
0,165KF-1.JPG
0,165KF-2.JPG
0,165KF-2S.JPG
0,165KF-2T.JPG
0,165KF.JPG
0,166-10.JPG
0,166-6-0.JPG
0,166-6-1.JPG
0,166-6-2.JPG
0,166-6-2S.JPG
0,166-6-2T.JPG
0,168-25-0.JPG
0,168-25-1.JPG
0,168-25-2.JPG
0,168-25-2S.JPG
0,168-25-2T.JPG
0,168-25.JPG
0,201-3-0.JPG
0,201-3-1.JPG
0,201-3-2.JPG
0,201-3-2S.JPG
0,201-3-2T.JPG
0,201-3.JPG
0,201C-10-0.JPG
0,201C-10-1.JPG
0,201C-10-2.JPG
0,201C-10-2S.JPG
0,201C-10-2T.JPG
0,201C-10-3.JPG
0,201C-10-3S.JPG
0,201C-10-3T.JPG
0,201C-10-4.JPG
0,201C-10-4S.JPG
0,201C-10-4T.JPG
0,201C-10-5.JPG
0,201C-10-5S.JPG
0,201C-10-5T.JPG
0,201C-B.JPG
0,201C-G.JPG
0,201C-O.JPG
0,201C-P.JPG
0,201H-4-FSLASH-4-0.JPG
0,201H-4-FSLASH-4-1.JPG
0,201H-4-FSLASH-4-2.JPG
0,201H-4-FSLASH-4-2S.JPG
0,201H-4-FSLASH-4-2T.JPG
0,201H-4_4.TIF
0,202-10-0.JPG
0,202-10-1.JPG
0,202-10-2.JPG
0,202-10-2S.JPG
0,202-10-2T.JPG
0,202-10.JPG
0,202-SI.JPG
0,2021W_6PACKPICKS_1BEATLES.PSD
0,2021W_6PACKS_PERRIS.PSD
0,2021W_BEATLES_LOGO.PSD
0,2022_6PKPICKS_TOP1STPG.PSD
0,217GROUP_STRAP.PSD
0,220-B.TIF
0,220-SI.JPG
0,220B-0.JPG
0,220B-1.JPG
0,220B-2.JPG
0,220B-2S.JPG
0,220B-2T.JPG
0,221-10BKE.JPG
0,221-10BLE.JPG
0,221-10PKE.JPG
0,221-20PUE.JPG
0,222-30B.JPG
0,224-B-0.JPG
0,224-B-1.JPG
0,224-B-2.JPG
0,224-B-2S.JPG
0,224-B-2T.JPG
0,224-B.TIF
0,229-SI.TIF
0,229-SL-0.JPG
0,229-SL-1.JPG
0,229-SL-2.JPG
0,229-SL-2S.JPG
0,229-SL-2T.JPG
0,243-0.JPG
0,243-1.JPG
0,243-2.JPG
0,243-2S.JPG
0,243-2T.JPG
0,243-P-0.JPG
0,243-P-1.JPG
0,243-P-2.JPG
0,243-P-2S.JPG
0,243-P-2T.JPG
0,243-P.JPG
0,243-SI.TIF
0,2606-0.JPG
0,2606-1.JPG
0,2606-2.JPG
0,2606-2S.JPG
0,2606-2T.JPG
0,2606.JPG
0,263 SI.TIF
0,263-SI-0.JPG
0,263-SI-1.JPG
0,263-SI-2.JPG
0,263-SI-2S.JPG
0,263-SI-2T.JPG
0,272-SI-0.JPG
0,272-SI-1.JPG
0,272-SI-2.JPG
0,272-SI-2S.JPG
0,272-SI-2T.JPG
0,272-SI.TIF
0,284-SI-0.JPG
0,284-SI-1.JPG
0,284-SI-2.JPG
0,284-SI-2S.JPG
0,284-SI-2T.JPG
0,284-SI.TIF
0,2B-C-0.JPG
0,2B-C-1.JPG
0,2B-C-2.JPG
0,2B-C-2S.JPG
0,2B-C-2T.JPG
0,2B-C.TIF
0,2B.TIF
0,2BW.TIF
0,2S-0.JPG
0,2S-1.JPG
0,2S-11073.JPG
0,2S-11074.JPG
0,2S-2.JPG
0,2S-2S.JPG
0,2S-2T.JPG
0,2S-3.JPG
0,2S-3S.JPG
0,2S-3T.JPG
0,2S-4.JPG
0,2S-4S.JPG
0,2S-4T.JPG
0,2S-5.JPG
0,2S-5S.JPG
0,2S-5T.JPG
0,2S-6.JPG
0,2S-6S.JPG
0,2S-6T.JPG
0,2S-7.JPG
0,2S-7S.JPG
0,2S-7T.JPG
0,2S-AF-0.JPG
0,2S-AF-1.JPG
0,2S-AF-2.JPG
0,2S-AF-2S.JPG
0,2S-AF-2T.JPG
0,2S-AF.JPG
0,2S-B.JPG
0,2S-BL.JPG
0,2S-BRN.JPG
0,2S-C.JPG
0,2S-D.JPG
0,2S-DPS-0.JPG
0,2S-DPS-1.JPG
0,2S-DPS-2.JPG
0,2S-DPS-2S.JPG
0,2S-DPS-2T.JPG
0,2S-DPS.EPS
0,2S-F.JPG
0,2S-FISH.JPG
0,2S-FL-0.JPG
0,2S-FL-1.JPG
0,2S-FL-10.JPG
0,2S-FL-10S.JPG
0,2S-FL-10T.JPG
0,2S-FL-2.JPG
0,2S-FL-2S.JPG
0,2S-FL-2T.JPG
0,2S-FL-3.JPG
0,2S-FL-3S.JPG
0,2S-FL-3T.JPG
0,2S-FL-4.JPG
0,2S-FL-4S.JPG
0,2S-FL-4T.JPG
0,2S-FL-5.JPG
0,2S-FL-5S.JPG
0,2S-FL-5T.JPG
0,2S-FL-6.JPG
0,2S-FL-6S.JPG
0,2S-FL-6T.JPG
0,2S-FL-7.JPG
0,2S-FL-7S.JPG
0,2S-FL-7T.JPG
0,2S-FL-8.JPG
0,2S-FL-8S.JPG
0,2S-FL-8T.JPG
0,2S-FL-9.JPG
0,2S-FL-9S.JPG
0,2S-FL-9T.JPG
0,2S-FL.JPG
0,2S-LC.JPG
0,2S-R.JPG
0,2S-T.JPG
0,2S-W.JPG
0,2SD-BK.JPG
0,2SD-BRN.JPG
0,3008680.TIF
0,3010080.JPG
0,3010110.JPG
0,3010140.JPG
0,3010690.PSD
0,3011530.PSD
0,3011540.PSD
0,3013-0.JPG
0,3013-1.JPG
0,3013-2.JPG
0,3013-2S.JPG
0,3013-2T.JPG
0,3013500.JPG
0,3017540.JPG
0,3017550.JPG
0,3018090-0.JPG
0,3018090-1.JPG
0,3018090-2.JPG
0,3018090-2S.JPG
0,3018090-2T.JPG
0,3018090.JPG
0,3018100-0.JPG
0,3018100-1.JPG
0,3018100-2.JPG
0,3018100-2S.JPG
0,3018100-2T.JPG
0,3018100.JPG
0,3018120.JPG
0,3018130.JPG
0,3018150.JPG
0,3018180.JPG
0,3018480-0.JPG
0,3018480-1.JPG
0,3018480-2.JPG
0,3018480-2S.JPG
0,3018480-2T.JPG
0,3018480.JPG
0,301H-4-4-0.JPG
0,301H-4-4-1.JPG
0,301H-4-4-2.JPG
0,301H-4-4-2S.JPG
0,301H-4-4-2T.JPG
0,301H-4_4.PSD
0,3020-0.JPG
0,3020-1.JPG
0,3020-2.JPG
0,3020-2S.JPG
0,3020-2T.JPG
0,3020.MAIN.JPG
0,3020.TIF
0,3026640.JPG
0,3026650.JPG
0,3026660.JPG
0,3026670.JPG
0,3026680-0.JPG
0,3026680-1.JPG
0,3026680-2.JPG
0,3026680-2S.JPG
0,3026680-2T.JPG
0,3026680.JPG
0,3040T-0.JPG
0,3040T-1.JPG
0,3040T-2.JPG
0,3040T-2S.JPG
0,3040T-2T.JPG
0,3040T.TIF
0,3070-0.JPG
0,3070-1.JPG
0,3070-2.JPG
0,3070-2S.JPG
0,3070-2T.JPG
0,3070.MAINJPG.JPG
0,3070.TIF
0,320-SI.JPG
0,3601820.TIF
0,3601840.TIF
0,3601860.TIF
0,3602930.JPG
0,3602960.TIF
0,3608290.TIF
0,3608880.JPG
0,3609460 BACK.JPG
0,3609460.TIF
0,3609520 BACK.JPG
0,3609520.TIF
0,3612590.TIF
0,3612610.TIF
0,3612630.JPG
0,3612790.TIF
0,3614150.JPG
0,3614150_1.JPG
0,3614180.JPG
0,3614200.JPG
0,3614480.JPG
0,3614530.JPG
0,3614680.TIF
0,3614690.TIF
0,3615000.TIF
0,3615010.TIF
0,3615050.TIF
0,3615760.PSD
0,3615880.PNG
0,3616150.PNG
0,3616470.JPG
0,3616630.JPG
0,3616810 TOP.JPG
0,3616810.JPG
0,3616930.PNG
0,3616940.PNG
0,3617410 TOP.JPG
0,3617410.JPG
0,3617730 TOP.JPG
0,3617750.JPG
0,3617810.JPG
0,3617920 BACK.JPG
0,3617920.JPG
0,3618500.JPG
0,3618520.JPG
0,3619530 BACK.JPG
0,3619530.JPG
0,3619550 BACK.JPG
0,3619550.JPG
0,3620470 CONTROL.JPG
0,3620470.JPG
0,3PDCP06.JPG
0,3S-DPS-BK.JPG
0,3S-DPS-BR.JPG
0,3V-0.JPG
0,3V-1.JPG
0,3V-2.JPG
0,3V-2S.JPG
0,3V-2T.JPG
0,3V.JPG
0,401-3-0.JPG
0,401-3-1.JPG
0,401-3-2.JPG
0,401-3-2S.JPG
0,401-3-2T.JPG
0,401-3.JPG
0,401H-0.JPG
0,401H-1.JPG
0,401H-2.JPG
0,401H-2S.JPG
0,401H-2T.JPG
0,401H-4_4.TIF
0,4100-0.JPG
0,4100-1.JPG
0,4100-2.JPG
0,4100-2S.JPG
0,4100-2T.JPG
0,4100-3.JPG
0,4100-3S.JPG
0,4100-3T.JPG
0,4100.TIF
0,4100_DELRIN_STANDARD_PICK.TIF
0,41016X.PNG
0,4121-0.JPG
0,4121-1.JPG
0,4121-2.JPG
0,4121-2S.JPG
0,4121-2T.JPG
0,4121-3.JPG
0,4121-3S.JPG
0,4121-3T.JPG
0,4121.TIF
0,41402X.PNG
0,4170-0.JPG
0,4170-1.JPG
0,4170-2.JPG
0,4170-2S.JPG
0,4170-2T.JPG
0,4170-3.JPG
0,4170-3S.JPG
0,4170-3T.JPG
0,4170.TIF
0,4170_GATOR_GRIP_PICK.TIF
0,4180.TIF
0,4180_TORTEX_STANDARD_PICK.TIF
0,41811X.PNG
0,4210.TIF
0,4211-0.JPG
0,4211-1.JPG
0,4211-2.JPG
0,4211-2S.JPG
0,4211-2T.JPG
0,4211-3.JPG
0,4211-3S.JPG
0,4211-3T.JPG
0,4211-4.JPG
0,4211-4S.JPG
0,4211-4T.JPG
0,4211-5.JPG
0,4211-5S.JPG
0,4211-5T.JPG
0,4231-0.JPG
0,4231-1.JPG
0,4231-2.JPG
0,4231-2S.JPG
0,4231-2T.JPG
0,4231-3.JPG
0,4231-3S.JPG
0,4231-3T.JPG
0,4231.TIF
0,4231_TORTEX_SM_TEARDR_PICK.TIF
0,4260-0.JPG
0,4260-1.JPG
0,4260-2.JPG
0,4260-2S.JPG
0,4260-2T.JPG
0,4260-3.JPG
0,4260-3S.JPG
0,4260-3T.JPG
0,4260-4.JPG
0,4260-4S.JPG
0,4260-4T.JPG
0,4260-5.JPG
0,4260-5S.JPG
0,4260-5T.JPG
0,4260-6.JPG
0,4260-6S.JPG
0,4260-6T.JPG
0,4260.TIF
0,427P2.0.TIF
0,427PJP-0.JPG
0,427PJP-1.JPG
0,427PJP-2.JPG
0,427PJP-2S.JPG
0,427PJP-2T.JPG
0,427PJP.TIF
0,427R-0.JPG
0,427R-1.JPG
0,427R-2.JPG
0,427R-2S.JPG
0,427R-2T.JPG
0,427R2.0-0.JPG
0,427R2.0-1.JPG
0,427R2.0-2.JPG
0,427R2.0-2S.JPG
0,427R2.0-2T.JPG
0,428P.JPG
0,428P100.JPG
0,428P114.JPG
0,428P50.JPG
0,428P60.JPG
0,428P73.JPG
0,428P88.JPG
0,4310-0.JPG
0,4310-1.JPG
0,4310-2.JPG
0,4310-2S.JPG
0,4310-2T.JPG
0,4310-3.JPG
0,4310-3S.JPG
0,4310-3T.JPG
0,4310.TIF
0,4310_TORTEX_TRIANGLE_PICK.TIF
0,4330-0.JPG
0,4330-1.JPG
0,4330-2.JPG
0,4330-2S.JPG
0,4330-2T.JPG
0,4330-3.JPG
0,4330-3S.JPG
0,4330-3T.JPG
0,4330-4.JPG
0,4330-4S.JPG
0,4330-4T.JPG
0,4330-5.JPG
0,4330-5S.JPG
0,4330-5T.JPG
0,4330-6.JPG
0,4330-6S.JPG
0,4330-6T.JPG
0,4330-7.JPG
0,4330-7S.JPG
0,4330-7T.JPG
0,4330.TIF
0,4410-0.JPG
0,4410-1.JPG
0,4410-2.JPG
0,4410-2S.JPG
0,4410-2T.JPG
0,4410-3.JPG
0,4410-3S.JPG
0,4410-3T.JPG
0,4410.TIF
0,4410_NYLON_STD_PICK.TIF
0,4432-0.JPG
0,4432-1.JPG
0,4432-2.JPG
0,4432-2S.JPG
0,4432-2T.JPG
0,4432-3.JPG
0,4432-3S.JPG
0,4432-3T.JPG
0,4432.TIF
0,4432_NYLON_MIDI_PICK.TIF
0,4450-0.JPG
0,4450-1.JPG
0,4450-2.JPG
0,4450-2S.JPG
0,4450-2T.JPG
0,4450-3.JPG
0,4450-3S.JPG
0,4450-3T.JPG
0,4450-4.JPG
0,4450-4S.JPG
0,4450-4T.JPG
0,4450.JPG
0,4491-0.JPG
0,4491-1.JPG
0,4491-2.JPG
0,4491-2S.JPG
0,4491-2T.JPG
0,4491-3.JPG
0,4491-3S.JPG
0,4491-3T.JPG
0,4491-4.JPG
0,4491-4S.JPG
0,4491-4T.JPG
0,4491-5.JPG
0,4491-5S.JPG
0,4491-5T.JPG
0,4491-6.JPG
0,4491-6S.JPG
0,4491-6T.JPG
0,4491-7.JPG
0,4491-7S.JPG
0,4491-7T.JPG
0,4491.JPG
0,449P1.TIF
0,449P114.TIF
0,449P15.TIF
0,449P60.TIF
0,449P73.TIF
0,449P88.TIF
0,46RF-0.JPG
0,46RF-1.JPG
0,46RF-2.JPG
0,46RF-2S.JPG
0,46RF-2T.JPG
0,4700-0.JPG
0,4700-1.JPG
0,4700-2.JPG
0,4700-2S.JPG
0,4700-2T.JPG
0,4700-3.JPG
0,4700-3S.JPG
0,4700-3T.JPG
0,4700.TIF
0,4700_NYLON_JAZZ_3_PICK.TIF
0,471R3-0.JPG
0,471R3-1.JPG
0,471R3-2.JPG
0,471R3-2S.JPG
0,471R3-2T.JPG
0,471R3-3.JPG
0,471R3-3S.JPG
0,471R3-3T.JPG
0,4720-0.JPG
0,4720-1.JPG
0,4720-2.JPG
0,4720-2S.JPG
0,4720-2T.JPG
0,4720-3.JPG
0,4720-3S.JPG
0,4720-3T.JPG
0,4720.TIF
0,4720_TORTEX_JAZZ_ROUND_PICK.TIF
0,4720_TORTEX_JAZZ_SHARP_PICK.TIF
0,4730-0.JPG
0,4730-1.JPG
0,4730-2.JPG
0,4730-2S.JPG
0,4730-2T.JPG
0,4740-0.JPG
0,4740-1.JPG
0,4740-2.JPG
0,4740-2S.JPG
0,4740-2T.JPG
0,474P.TIF
0,4750-0.JPG
0,4750-1.JPG
0,4750-2.JPG
0,4750-2S.JPG
0,4750-2T.JPG
0,475P.TIF
0,4770-0.JPG
0,4770-1.JPG
0,4770-2.JPG
0,4770-2S.JPG
0,4770-2T.JPG
0,477P.TIF
0,4780-0.JPG
0,4780-1.JPG
0,4780-2.JPG
0,4780-2S.JPG
0,4780-2T.JPG
0,4790-0.JPG
0,4790-1.JPG
0,4790-2.JPG
0,4790-2S.JPG
0,4790-2T.JPG
0,4790-3.JPG
0,4790-3S.JPG
0,4790-3T.JPG
0,4790-4.JPG
0,4790-4S.JPG
0,4790-4T.JPG
0,4790-5.JPG
0,4790-5S.JPG
0,4790-5T.JPG
0,4790-6.JPG
0,4790-6S.JPG
0,4790-6T.JPG
0,47PEJ3N-0.JPG
0,47PEJ3N-1.JPG
0,47PEJ3N-2.JPG
0,47PEJ3N-2S.JPG
0,47PEJ3N-2T.JPG
0,47RXL-0.JPG
0,47RXL-1.JPG
0,47RXL-2.JPG
0,47RXL-2S.JPG
0,47RXL-2T.JPG
0,47RXL-3.JPG
0,47RXL-3S.JPG
0,47RXL-3T.JPG
0,47RXL_NYLON_BLACK.TIF
0,47RXL_NYLON_RED.TIF
0,483.01M.MAIN.JPG
0,483.02M.MAIN.JPG
0,483.03M.MAIN.JPG
0,483.04M.MAIN.JPG
0,483.05MD.MAIN.JPG
0,483.06M.MAIN.JPG
0,483.08M.MAIN.JPG
0,483.09H.MAIN.JPG
0,483.10T.MAIN.JPG
0,4830-0.JPG
0,4830-1.JPG
0,4830-10.JPG
0,4830-10S.JPG
0,4830-10T.JPG
0,4830-11.JPG
0,4830-11S.JPG
0,4830-11T.JPG
0,4830-12.JPG
0,4830-12S.JPG
0,4830-12T.JPG
0,4830-13.JPG
0,4830-13S.JPG
0,4830-13T.JPG
0,4830-2.JPG
0,4830-2S.JPG
0,4830-2T.JPG
0,4830-3.JPG
0,4830-3S.JPG
0,4830-3T.JPG
0,4830-4.JPG
0,4830-4S.JPG
0,4830-4T.JPG
0,4830-5.JPG
0,4830-5S.JPG
0,4830-5T.JPG
0,4830-6.JPG
0,4830-6S.JPG
0,4830-6T.JPG
0,4830-7.JPG
0,4830-7S.JPG
0,4830-7T.JPG
0,4830-8.JPG
0,4830-8S.JPG
0,4830-8T.JPG
0,4830-9.JPG
0,4830-9S.JPG
0,4830-9T.JPG
0,483002.MAIN.JPG
0,483004.MAIN.JPG
0,4860 PICK.TIF
0,4861.TIF
0,489440.JPG
0,489450-0.JPG
0,489450-1.JPG
0,489450-2.JPG
0,489450-2S.JPG
0,489450-2T.JPG
0,489450-3.JPG
0,489450-3S.JPG
0,489450-3T.JPG
0,489450-4.JPG
0,489450-4S.JPG
0,489450-4T.JPG
0,489450-5.JPG
0,489450-5S.JPG
0,489450-5T.JPG
0,489450-6.JPG
0,489450-6S.JPG
0,489450-6T.JPG
0,489450.JPG
0,494P101-0.JPG
0,494P101-1.JPG
0,494P101-2.JPG
0,494P101-2S.JPG
0,494P101-2T.JPG
0,494P101-3.JPG
0,494P101-3S.JPG
0,494P101-3T.JPG
0,494P101.TIF
0,494P102.TIF
0,500-0.JPG
0,500-1.JPG
0,500-2.JPG
0,500-2S.JPG
0,500-2T.JPG
0,500.TIF
0,5005-SI-0.JPG
0,5005-SI-1.JPG
0,5005-SI-2.JPG
0,5005-SI-2S.JPG
0,5005-SI-2T.JPG
0,5005-SI.TIF
0,501-DISPLAY-0.JPG
0,501-DISPLAY-1.JPG
0,501-DISPLAY-2.JPG
0,501-DISPLAY-2S.JPG
0,501-DISPLAY-2T.JPG
0,501.TIF
0,5010-SI-0.JPG
0,5010-SI-1.JPG
0,5010-SI-2.JPG
0,5010-SI-2S.JPG
0,5010-SI-2T.JPG
0,5010-SI.TIF
0,506-0.JPG
0,506-1.JPG
0,506-2.JPG
0,506-2S.JPG
0,506-2T.JPG
0,506.TIF
0,5101-0.JPG
0,5101-1.JPG
0,5101-2.JPG
0,5101-2S.JPG
0,5101-2T.JPG
0,510P.73.JPG
0,511-0.JPG
0,511-1.JPG
0,511-2.JPG
0,511-2S.JPG
0,511-2T.JPG
0,511.TIF
0,513.TIF
0,517-0.JPG
0,517-1.JPG
0,517-2.JPG
0,517-2S.JPG
0,517-2T.JPG
0,517.TIF
0,57-0.JPG
0,57-1.JPG
0,57-2.JPG
0,57-2S.JPG
0,57-2T.JPG
0,570650.JPG
0,570800.JPG
0,570810.JPG
0,572150.JPG
0,572170.JPG
0,573100.TIF
0,573140.TIF
0,573180.TIF
0,573220.TIF
0,574.JPG
0,5778-0.JPG
0,5778-1.JPG
0,5778-2.JPG
0,5778-2S.JPG
0,5778-2T.JPG
0,577800.JPG
0,578000.JPG
0,579890.JPG
0,583600.TIF
0,583640.TIF
0,584610.TIF
0,584790.TIF
0,590630.TIF
0,593-0.JPG
0,593-1.JPG
0,593-2.JPG
0,593-2S.JPG
0,593-2T.JPG
0,593-3.JPG
0,593-3S.JPG
0,593-3T.JPG
0,593430.JPG
0,593440.JPG
0,5STARR-1.JPG
0,5STARR-2.JPG
0,600A CLOSEUP.EPS
0,600A-0.JPG
0,600A-1.JPG
0,600A-2.JPG
0,600A-2S.JPG
0,600A-2T.JPG
0,600A-3.JPG
0,600A-3S.JPG
0,600A-3T.JPG
0,600A.PSD
0,6422-0.JPG
0,6422-1.JPG
0,6422-2.JPG
0,6422-2S.JPG
0,6422-2T.JPG
0,6422.TIF
0,6434-0.JPG
0,6434-1.JPG
0,6434-2.JPG
0,6434-2S.JPG
0,6434-2T.JPG
0,6434.TIF
0,6444-0.JPG
0,6444-1.JPG
0,6444-2.JPG
0,6444-2S.JPG
0,6444-2T.JPG
0,6444.TIF
0,6500-0.JPG
0,6500-1.JPG
0,6500-2.JPG
0,6500-2S.JPG
0,6500-2T.JPG
0,6500.TIF
0,6501-0.JPG
0,6501-1.JPG
0,6501-2.JPG
0,6501-2S.JPG
0,6501-2T.JPG
0,6501.TIF
0,6502-0.JPG
0,6502-1.JPG
0,6502-2.JPG
0,6502-2S.JPG
0,6502-2T.JPG
0,6502.TIF
0,6524-0.JPG
0,6524-1.JPG
0,6524-2.JPG
0,6524-2S.JPG
0,6524-2T.JPG
0,6524.TIF
0,6532-0.JPG
0,6532-1.JPG
0,6532-2.JPG
0,6532-2S.JPG
0,6532-2T.JPG
0,6532.TIF
0,654-0.JPG
0,654-1.JPG
0,654-2.JPG
0,654-2S.JPG
0,654-2T.JPG
0,654.TIF
0,6554-0.JPG
0,6554-1.JPG
0,6554-2.JPG
0,6554-2S.JPG
0,6554-2T.JPG
0,6554.TIF
0,6574-0.JPG
0,6574-1.JPG
0,6574-2.JPG
0,6574-2S.JPG
0,6574-2T.JPG
0,6574.TIF
0,6582-0.JPG
0,6582-1.JPG
0,6582-2.JPG
0,6582-2S.JPG
0,6582-2T.JPG
0,6582.TIF
0,6592-0.JPG
0,6592-1.JPG
0,6592-2.JPG
0,6592-2S.JPG
0,6592-2T.JPG
0,6592.TIF
0,6633.JPG
0,7000.TIF
0,7007J-0.JPG
0,7007J-1.JPG
0,7007J-2.JPG
0,7007J-2S.JPG
0,7007J-2T.JPG
0,7036-0.JPG
0,7036-1.JPG
0,7036-2.JPG
0,7036-2S.JPG
0,7036-2T.JPG
0,70F-0.JPG
0,70F-1.JPG
0,70F-2.JPG
0,70F-2S.JPG
0,70F-2T.JPG
0,70F.TIF
0,7100-0.JPG
0,7100-1.JPG
0,7100-2.JPG
0,7100-2S.JPG
0,7100-2T.JPG
0,7100-3.JPG
0,7100-3S.JPG
0,7100-3T.JPG
0,7100SI .TIF
0,7100SI.TIF
0,7190-0.JPG
0,7190-1.JPG
0,7190-2.JPG
0,7190-2S.JPG
0,7190-2T.JPG
0,7190.TIF
0,7191-0.JPG
0,7191-1.JPG
0,7191-2.JPG
0,7191-2S.JPG
0,7191-2T.JPG
0,7191.TIF
0,7192-0.JPG
0,7192-1.JPG
0,7192-2.JPG
0,7192-2S.JPG
0,7192-2T.JPG
0,7192.TIF
0,7193-0.JPG
0,7193-1.JPG
0,7193-2.JPG
0,7193-2S.JPG
0,7193-2T.JPG
0,7193.TIF
0,71S-0.JPG
0,71S-1.JPG
0,71S-2.JPG
0,71S-2S.JPG
0,71S-2T.JPG
0,71S.TIF
0,7247.JPG
0,72D-0.JPG
0,72D-1.JPG
0,72D-2.JPG
0,72D-2S.JPG
0,72D-2T.JPG
0,72D.TIF
0,7828-0.JPG
0,7828-1.JPG
0,7828-2.JPG
0,7828-2S.JPG
0,7828-2T.JPG
0,7828.TIF
0,800V-0.JPG
0,800V-1.JPG
0,800V-2.JPG
0,800V-2S.JPG
0,800V-2T.JPG
0,800VS.JPG
0,8011-0.JPG
0,8011-1.JPG
0,8011-2.JPG
0,8011-2S.JPG
0,8011-2T.JPG
0,8011-3.JPG
0,8011-3S.JPG
0,8011-3T.JPG
0,8011.TIF
0,8012.TIF
0,812CD66A-19F6-4CE6-BE20-6E881082051F.JPEG
0,8303.PDF
0,8305.PDF
0,839394944.JPG
0,83CB.JPG
0,83CM.JPG
0,88N-0.JPG
0,88N-1.JPG
0,88N-2.JPG
0,88N-2S.JPG
0,88N-2T.JPG
0,9010R-0.JPG
0,9010R-1.JPG
0,9010R-2.JPG
0,9010R-2S.JPG
0,9010R-2T.JPG
0,9010R.TIF
0,9011R-0.JPG
0,9011R-1.JPG
0,9011R-2.JPG
0,9011R-2S.JPG
0,9011R-2T.JPG
0,9011R.TIF
0,902-0.JPG
0,902-1.JPG
0,902-2.JPG
0,902-2S.JPG
0,902-2T.JPG
0,902.PSD
0,902064-0.JPG
0,902064-1.JPG
0,902064-2.JPG
0,902064-2S.JPG
0,902064-2T.JPG
0,902064.TIF
0,9023-0.JPG
0,9023-1.JPG
0,9023-2.JPG
0,9023-2S.JPG
0,9023-2T.JPG
0,9023.EPS
0,9032R-0.JPG
0,9032R-1.JPG
0,9032R-2.JPG
0,9032R-2S.JPG
0,9032R-2T.JPG
0,9032R.TIF
0,905-0.JPG
0,905-1.JPG
0,905-2.JPG
0,905-2S.JPG
0,905-2T.JPG
0,905.TIF
0,9051.TIF
0,9051R-0.JPG
0,9051R-1.JPG
0,9051R-2.JPG
0,9051R-2S.JPG
0,9051R-2T.JPG
0,906-0.JPG
0,906-1.JPG
0,906-2.JPG
0,906-2S.JPG
0,906-2T.JPG
0,906.PSD
0,906M.TIF
0,910EFRIAPR012022121132GMT0400EDT139035107902145952610.JPG
0,911-0.JPG
0,911-1.JPG
0,911-2.JPG
0,911-2S.JPG
0,911-2T.JPG
0,912-0.JPG
0,912-1.JPG
0,912-2.JPG
0,912-2S.JPG
0,912-2T.JPG
0,919.TIF
0,9205.TIF
0,9205R-0.JPG
0,9205R-1.JPG
0,9205R-2.JPG
0,9205R-2S.JPG
0,9205R-2T.JPG
0,925-0.JPG
0,925-1.JPG
0,925-2.JPG
0,925-2S.JPG
0,925-2T.JPG
0,925.TIF
0,926-0.JPG
0,926-1.JPG
0,926-2.JPG
0,926-2S.JPG
0,926-2T.JPG
0,926.TIF
0,927-0.JPG
0,927-1.JPG
0,927-2.JPG
0,927-2S.JPG
0,927-2T.JPG
0,927.TIF
0,985V-0.JPG
0,985V-1.JPG
0,985V-2.JPG
0,985V-2S.JPG
0,985V-2T.JPG
0,986M-0.JPG
0,986M-1.JPG
0,986M-2.JPG
0,986M-2S.JPG
0,986M-2T.JPG
0,993V-0.JPG
0,993V-1.JPG
0,993V-2.JPG
0,993V-2S.JPG
0,993V-2T.JPG
0,9V-0.JPG
0,9V-1.JPG
0,9V-2.JPG
0,9V-2S.JPG
0,9V-2T.JPG
0,9V.JPG
0,A-06-BK.JPG
0,A-110U.JPG
0,A-2.PSD
0,A-3.PSD
0,A-4U.JPEG
0,A-57U.JPG
0,A021-0.JPG
0,A021-1.JPG
0,A021-2.JPG
0,A021-2S.JPG
0,A021-2T.JPG
0,A026-0.JPG
0,A026-1.JPG
0,A026-2.JPG
0,A026-2S.JPG
0,A026-2T.JPG
0,AACHAC-0.JPG
0,AACHAC-1.JPG
0,AACHAC-2.JPG
0,AACHAC-2S.JPG
0,AACHAC-2T.JPG
0,AACHAC.TIF
0,AAPAIL-0.JPG
0,AAPAIL-1.JPG
0,AAPAIL-2.JPG
0,AAPAIL-2S.JPG
0,AAPAIL-2T.JPG
0,AAPAIL.TIF
0,AB-016-0.JPG
0,AB-016-1.JPG
0,AB-016-2.JPG
0,AB-016-2S.JPG
0,AB-016-2T.JPG
0,AB-016.JPG
0,AB-100-0.JPG
0,AB-100-1.JPG
0,AB-100-2.JPG
0,AB-100-2S.JPG
0,AB-100-2T.JPG
0,AB-100-3.JPG
0,AB-100-3S.JPG
0,AB-100-3T.JPG
0,AB-300-2S.JPG
0,ABC.PSD
0,ACO.TIF
0,AD-016P-MODEL-0.JPG
0,AD-016P-MODEL-1.JPG
0,AD-016P-MODEL-2.JPG
0,AD-016P-MODEL-2S.JPG
0,AD-016P-MODEL-2T.JPG
0,AD-016P.PSD
0,AD-20.JPG
0,AD-30.JPG
0,AD-33.JPG
0,AD-39.JPG
0,ADB-100.TIF
0,AE-20-0.JPG
0,AE-20-1.JPG
0,AE-20-2.JPG
0,AE-20-2S.JPG
0,AE-20-2T.JPG
0,AE-20U.JPG
0,AE-26-0.JPG
0,AE-26-1.JPG
0,AE-26-2.JPG
0,AE-26-2S.JPG
0,AE-26-2T.JPG
0,AE-26.JPG
0,AFD-018CP-0.JPG
0,AFD-018CP-1.JPG
0,AFD-018CP-2.JPG
0,AFD-018CP-2S.JPG
0,AFD-018CP-2T.JPG
0,AFD-018CP.EPS
0,AFD-019CP-0.JPG
0,AFD-019CP-1.JPG
0,AFD-019CP-2.JPG
0,AFD-019CP-2S.JPG
0,AFD-019CP-2T.JPG
0,AFD-019CP.EPS
0,AGM-0.JPG
0,AGM-1.JPG
0,AGM-2.JPG
0,AGM-2S.JPG
0,AGM-2T.JPG
0,AGM02-A.TIF
0,AHF-02.JPEG.PSD
0,AHF-02BL.PSD
0,AHF-05-0.JPG
0,AHF-05-1.JPG
0,AHF-05-2.JPG
0,AHF-05-2S.JPG
0,AHF-05-2T.JPG
0,AHF-05.JPG
0,AL BASICS.PSD
0,AL-016.PSD
0,AL-016P-0.JPG
0,AL-016P-1.JPG
0,AL-016P-2.JPG
0,AL-016P-2S.JPG
0,AL-016P-2T.JPG
0,AL-LP-0.JPG
0,AL-LP-1.JPG
0,AL-LP-2.JPG
0,AL-LP-2S.JPG
0,AL-LP-2T.JPG
0,AL-LP-3.JPG
0,AL-LP-3S.JPG
0,AL-LP-3T.JPG
0,AL-SKS-0.JPG
0,AL-SKS-1.JPG
0,AL-SKS-2.JPG
0,AL-SKS-2S.JPG
0,AL-SKS-2T.JPG
0,AL-SKS-3.JPG
0,AL-SKS-3S.JPG
0,AL-SKS-3T.JPG
0,AL100.JPG
0,AM-718.PNG
0,AMS-01-0.JPG
0,AMS-01-1.JPG
0,AMS-01-2.JPG
0,AMS-01-2S.JPG
0,AMS-01-2T.JPG
0,AMS-01.PSD
0,AMT-560.JPG
0,AMX-3.PSD
0,AOD-017AP-0.JPG
0,AOD-017AP-1.JPG
0,AOD-017AP-2.JPG
0,AOD-017AP-2S.JPG
0,AOD-017AP-2T.JPG
0,AOD-017AP.EPS
0,AOD-018CP-0.JPG
0,AOD-018CP-1.JPG
0,AOD-018CP-2.JPG
0,AOD-018CP-2S.JPG
0,AOD-018CP-2T.JPG
0,AOD-018CP.JPG
0,AOD-019CP-0.JPG
0,AOD-019CP-1.JPG
0,AOD-019CP-2.JPG
0,AOD-019CP-2S.JPG
0,AOD-019CP-2T.JPG
0,AOD-019CP.EPS
0,AOS-020B16.EPS
0,AOS-020B1P-0.JPG
0,AOS-020B1P-1.JPG
0,AOS-020B1P-2.JPG
0,AOS-020B1P-2S.JPG
0,AOS-020B1P-2T.JPG
0,AOS-020B3P-0.JPG
0,AOS-020B3P-1.JPG
0,AOS-020B3P-2.JPG
0,AOS-020B3P-2S.JPG
0,AOS-020B3P-2T.JPG
0,AOS-020B3P.EPS
0,AOS-020HV2P-0.JPG
0,AOS-020HV2P-1.JPG
0,AOS-020HV2P-2.JPG
0,AOS-020HV2P-2S.JPG
0,AOS-020HV2P-2T.JPG
0,AOS-020V2P.EPS
0,AP-100A PACKAGE.EPS
0,AP-100A-0.JPG
0,AP-100A-1.JPG
0,AP-100A-2.JPG
0,AP-100A-2S.JPG
0,AP-100A-2T.JPG
0,AP-100A-3.JPG
0,AP-100A-3S.JPG
0,AP-100A-3T.JPG
0,AP-100A.EPS
0,AP-100E CLOSEUP.EPS
0,AP-100E-0.JPG
0,AP-100E-1.JPG
0,AP-100E-2.JPG
0,AP-100E-2S.JPG
0,AP-100E-2T.JPG
0,AP-100E-3.JPG
0,AP-100E-3S.JPG
0,AP-100E-3T.JPG
0,AP-100E.EPS
0,AP-100M CLOSEUP.PSD
0,AP-100M-0.JPG
0,AP-100M-1.JPG
0,AP-100M-2.JPG
0,AP-100M-2S.JPG
0,AP-100M-2T.JPG
0,AP-100M-3.JPG
0,AP-100M-3S.JPG
0,AP-100M-3T.JPG
0,AP-100M.EPS
0,AP-100MS CLOSEUP.EPS
0,AP-100MS-0.JPG
0,AP-100MS-1.JPG
0,AP-100MS-2.JPG
0,AP-100MS-2S.JPG
0,AP-100MS-2T.JPG
0,AP-100MS-3.JPG
0,AP-100MS-3S.JPG
0,AP-100MS-3T.JPG
0,AP-100MS.EPS
0,AP-264-0.JPG
0,AP-264-1.JPG
0,AP-264-2.JPG
0,AP-264-2S.JPG
0,AP-264-2T.JPG
0,AP-264.JPG
0,AP-345-0.JPG
0,AP-345-1.JPG
0,AP-345-2.JPG
0,AP-345-2S.JPG
0,AP-345-2T.JPG
0,AP-345.JPG
0,APM CAPLIGATURES.JPG
0,APM-01-0.JPG
0,APM-01-1.JPG
0,APM-01-2.JPG
0,APM-01-2S.JPG
0,APM-01-2T.JPG
0,APM-01.JPG
0,APM-02-0.JPG
0,APM-02-1.JPG
0,APM-02-2.JPG
0,APM-02-2S.JPG
0,APM-02-2T.JPG
0,APM_LOGO.TIF
0,AR-1-0.JPG
0,AR-1-1.JPG
0,AR-1-2.JPG
0,AR-1-2S.JPG
0,AR-1-2T.JPG
0,AR-1.TIF
0,ARC1.JPG
0,ARG07.PNG
0,AS-1-0.JPG
0,AS-1-1.JPG
0,AS-1-2.JPG
0,AS-1-2S.JPG
0,AS-1-2T.JPG
0,AS-3.TIF
0,ATHND-0.JPG
0,ATHND-1.JPG
0,ATHND-2.JPG
0,ATHND-2S.JPG
0,ATHND-2T.JPG
0,ATHND.TIF
0,AU014BKP.PSD
0,AU014P.PSD
0,ACCORDION-STRAPS-2S.JPG
0,AMERICAN FLAG.EPS
0,AMERICAN FLAG_1.EPS
0,B-001.PSD
0,B-014.PSD
0,B-017.PSD
0,B-01BK.PSD
0,B-1-0.JPG
0,B-1-1.JPG
0,B-1-2.JPG
0,B-1-2S.JPG
0,B-1-2T.JPG
0,B-1-3.JPG
0,B-1-3S.JPG
0,B-1-3T.JPG
0,B-1-4.JPG
0,B-1-4S.JPG
0,B-1-4T.JPG
0,B-2.PSD
0,B-301-0.JPG
0,B-301-1.JPG
0,B-301-2.JPG
0,B-301-2S.JPG
0,B-301-2T.JPG
0,B-301.JPG
0,B-303-0.JPG
0,B-303-1.JPG
0,B-303-2.JPG
0,B-303-2S.JPG
0,B-303-2T.JPG
0,B-303.JPG
0,B-304.JPG
0,B-306.JPG
0,B-310.JPG
0,B-311-0.JPG
0,B-311-1.JPG
0,B-311-2.JPG
0,B-311-2S.JPG
0,B-311-2T.JPG
0,B-311.JPG
0,B-312-0.JPG
0,B-312-1.JPG
0,B-312-2.JPG
0,B-312-2S.JPG
0,B-312-2T.JPG
0,B-312.JPG
0,B-333-0.JPG
0,B-333-1.JPG
0,B-333-2.JPG
0,B-333-2S.JPG
0,B-333-2T.JPG
0,B-333.JPG
0,B-336-0.JPG
0,B-336-1.JPG
0,B-336-2.JPG
0,B-336-2S.JPG
0,B-336-2T.JPG
0,B-336.PSD
0,B-B010.PSD
0,B-GBO.PSD
0,B053-0.JPG
0,B053-1.JPG
0,B053-2.JPG
0,B053-2S.JPG
0,B053-2T.JPG
0,B053.JPG
0,BAG-1-0.JPG
0,BAG-1-1.JPG
0,BAG-1-2.JPG
0,BAG-1-2S.JPG
0,BAG-1-2T.JPG
0,BAG-1.PSD
0,BAG.PSD
0,BB-F-0.JPG
0,BB-F-1.JPG
0,BB-F-2.JPG
0,BB-F-2S.JPG
0,BB-F-2T.JPG
0,BB-F.TIF
0,BB-G-0.JPG
0,BB-G-1.JPG
0,BB-G-2.JPG
0,BB-G-2S.JPG
0,BB-G-2T.JPG
0,BB-G.TIF
0,BBR-0.JPG
0,BBR-1.JPG
0,BBR-1A.PSD
0,BBR-2.JPG
0,BBR-2S.JPG
0,BBR-2T.JPG
0,BBR1A-0.JPG
0,BBR1A-1.JPG
0,BBR1A-2.JPG
0,BBR1A-2S.JPG
0,BBR1A-2T.JPG
0,BCG.PSD
0,BDHH-3.JPG
0,BES-3-0.JPG
0,BES-3-1.JPG
0,BES-3-2.JPG
0,BES-3-2S.JPG
0,BES-3-2T.JPG
0,BES.JPG
0,BF-39G VC.TIF
0,BF-39G VN.TIF
0,BF-39G-0.JPG
0,BF-39G-1.JPG
0,BF-39G-2.JPG
0,BF-39G-2S.JPG
0,BF-39G-2T.JPG
0,BF-39G-VA-0.JPG
0,BF-39G-VA-1.JPG
0,BF-39G-VA-2.JPG
0,BF-39G-VA-2S.JPG
0,BF-39G-VA-2T.JPG
0,BGVA5-0.JPG
0,BGVA5-1.JPG
0,BGVA5-2.JPG
0,BGVA5-2S.JPG
0,BGVA5-2T.JPG
0,BGVA5.PSD
0,BHH12H-3-0.JPG
0,BHH12H-3-1.JPG
0,BHH12H-3-2.JPG
0,BHH12H-3-2S.JPG
0,BHH12H-3-2T.JPG
0,BHH12H-3.JPG
0,BHH13-3.JPG
0,BHH15-3.JPG
0,BHH17-3-0.JPG
0,BHH17-3-1.JPG
0,BHH17-3-2.JPG
0,BHH17-3-2S.JPG
0,BHH17-3-2T.JPG
0,BJ-004-0.JPG
0,BJ-004-1.JPG
0,BJ-004-2.JPG
0,BJ-004-2S.JPG
0,BJ-004-2T.JPG
0,BJ-004.PSD
0,BJ-006-0.JPG
0,BJ-006-1.JPG
0,BJ-006-2.JPG
0,BJ-006-2S.JPG
0,BJ-006-2T.JPG
0,BJ-006.TIF
0,BJ-009-0.JPG
0,BJ-009-1.JPG
0,BJ-009-2.JPG
0,BJ-009-2S.JPG
0,BJ-009-2T.JPG
0,BJ-009.TIF
0,BJ-24-0.JPG
0,BJ-24-1.JPG
0,BJ-24-2.JPG
0,BJ-24-2S.JPG
0,BJ-24-2T.JPG
0,BJ-24.TIF
0,BJ-30-0.JPG
0,BJ-30-1.JPG
0,BJ-30-2.JPG
0,BJ-30-2S.JPG
0,BJ-30-2T.JPG
0,BJ-30.PSD
0,BK-101 PRACTICE PAD.TIF
0,BK-101-0.JPG
0,BK-101-1.JPG
0,BK-101-2.JPG
0,BK-101-2S.JPG
0,BK-101-2T.JPG
0,BK-101.TIF
0,BODY-1-0.JPG
0,BODY-1-1.JPG
0,BODY-1-2.JPG
0,BODY-1-2S.JPG
0,BODY-1-2T.JPG
0,BODY-1.PSD
0,BODY-2-0.JPG
0,BODY-2-1.JPG
0,BODY-2-2.JPG
0,BODY-2-2S.JPG
0,BODY-2-2T.JPG
0,BODY-2.PSD
0,BONGO-1.TIF
0,BONGO-2.TIF
0,BOW-0.JPG
0,BOW-1.JPG
0,BOW-2.JPG
0,BOW-2S.JPG
0,BOW-2T.JPG
0,BOW.PSD
0,BP-BAG.TIF
0,BS301.PSD
0,BWS.JPG
0,BONGO-1-0.JPG
0,BONGO-1-1.JPG
0,BONGO-1-2.JPG
0,BONGO-1-2S.JPG
0,BONGO-1-2T.JPG
0,BONGO-2-0.JPG
0,BONGO-2-1.JPG
0,BONGO-2-2.JPG
0,BONGO-2-2S.JPG
0,BONGO-2-2T.JPG
0,BONGO-3-0.JPG
0,BONGO-3-1.JPG
0,BONGO-3-2.JPG
0,BONGO-3-2S.JPG
0,BONGO-3-2T.JPG
0,BULLSEYE LOGO2.AI
0,C-1011FG-0.JPG
0,C-1011FG-1.JPG
0,C-1011FG-2.JPG
0,C-1011FG-2S.JPG
0,C-1011FG-2T.JPG
0,C-1011FG.TIF
0,C-BJB.TIF
0,C-D-1000-0.JPG
0,C-D-1000-1.JPG
0,C-D-1000-2.JPG
0,C-D-1000-2S.JPG
0,C-D-1000-2T.JPG
0,C-D-500-0.JPG
0,C-D-500-1.JPG
0,C-D-500-2.JPG
0,C-D-500-2S.JPG
0,C-D-500-2T.JPG
0,C-D-80-0.JPG
0,C-D-80-1.JPG
0,C-D-80-2.JPG
0,C-D-80-2S.JPG
0,C-D-80-2T.JPG
0,C-F-0.JPG
0,C-F-1.JPG
0,C-F-2.JPG
0,C-F-2S.JPG
0,C-F-2T.JPG
0,C-GA-500-0.JPG
0,C-GA-500-1.JPG
0,C-GA-500-2.JPG
0,C-GA-500-2S.JPG
0,C-GA-500-2T.JPG
0,C-GS200-0.JPG
0,C-GS200-1.JPG
0,C-GS200-2.JPG
0,C-GS200-2S.JPG
0,C-GS200-2T.JPG
0,C-GS200.TIF
0,C-OM-40S-0.JPG
0,C-OM-40S-1.JPG
0,C-OM-40S-2.JPG
0,C-OM-40S-2S.JPG
0,C-OM-40S-2T.JPG
0,C-T.TIF
0,C1-0.JPG
0,C1-1.JPG
0,C1-2.JPG
0,C1-2S.JPG
0,C1-2T.JPG
0,C1-3.JPG
0,C1-3S.JPG
0,C1-3T.JPG
0,C1.TIF
0,C1RG.JPEG
0,C2.PSD
0,CAK-1-0.JPG
0,CAK-1-1.JPG
0,CAK-1-2.JPG
0,CAK-1-2S.JPG
0,CAK-1-2T.JPG
0,CAK-1.JPG
0,CAK-E-0.JPG
0,CAK-E-1.JPG
0,CAK-E-2.JPG
0,CAK-E-2S.JPG
0,CAK-E-2T.JPG
0,CAK-E.JPG
0,CAP-0.JPG
0,CAP-1.JPG
0,CAP-2.JPG
0,CAP-2S.JPG
0,CAP-2T.JPG
0,CAP-C.EPS
0,CAPO-0.JPG
0,CAPO-1.JPG
0,CAPO-2.JPG
0,CAPO-2S.JPG
0,CAPO-2T.JPG
0,CAPO.JPG
0,CB-1-0.JPG
0,CB-1-1.JPG
0,CB-1-2.JPG
0,CB-1-2S.JPG
0,CB-1-2T.JPG
0,CB-1.TIF
0,CB-4-0.JPG
0,CB-4-1.JPG
0,CB-4-2.JPG
0,CB-4-2S.JPG
0,CB-4-2T.JPG
0,CB-4-4-0.JPG
0,CB-4-4-1.JPG
0,CB-4-4-2.JPG
0,CB-4-4-2S.JPG
0,CB-4-4-2T.JPG
0,CB-4CH-0.JPG
0,CB-4CH-1.JPG
0,CB-4CH-2.JPG
0,CB-4CH-2S.JPG
0,CB-4CH-2T.JPG
0,CB-4CH.PSD
0,CB-4_4.TIF
0,CB-5CH-0.JPG
0,CB-5CH-1.JPG
0,CB-5CH-2.JPG
0,CB-5CH-2S.JPG
0,CB-5CH-2T.JPG
0,CB-7.TIF
0,CB-7CH-0.JPG
0,CB-7CH-1.JPG
0,CB-7CH-2.JPG
0,CB-7CH-2S.JPG
0,CB-7CH-2T.JPG
0,CB-8CH-0.JPG
0,CB-8CH-1.JPG
0,CB-8CH-2.JPG
0,CB-8CH-2S.JPG
0,CB-8CH-2T.JPG
0,CBF-0.JPG
0,CBF-1.JPG
0,CBF-2.JPG
0,CBF-2S.JPG
0,CBF-2T.JPG
0,CBS-200-0.JPG
0,CBS-200-1.JPG
0,CBS-200-2.JPG
0,CBS-200-2S.JPG
0,CBS-200-2T.JPG
0,CC-44-0.JPG
0,CC-44-1.JPG
0,CC-44-2.JPG
0,CC-44-2S.JPG
0,CC-44-2T.JPG
0,CC-4_4.TIF
0,CC01B-0.JPG
0,CC01B-1.JPG
0,CC01B-2.JPG
0,CC01B-2S.JPG
0,CC01B-2T.JPG
0,CC01B.JPG
0,CC01K-0.JPG
0,CC01K-1.JPG
0,CC01K-2.JPG
0,CC01K-2S.JPG
0,CC01K-2T.JPG
0,CC01K.JPG
0,CC01UK-0.JPG
0,CC01UK-1.JPG
0,CC01UK-2.JPG
0,CC01UK-2S.JPG
0,CC01UK-2T.JPG
0,CC01UK.JPG
0,CC01V-0.JPG
0,CC01V-1.JPG
0,CC01V-2.JPG
0,CC01V-2S.JPG
0,CC01V-2T.JPG
0,CC01V.JPG
0,CC03F2-0.JPG
0,CC03F2-1.JPG
0,CC03F2-2.JPG
0,CC03F2-2S.JPG
0,CC03F2-2T.JPG
0,CC03F2.JPG
0,CC03R&L.JPG
0,CC03RL-0.JPG
0,CC03RL-1.JPG
0,CC03RL-2.JPG
0,CC03RL-2S.JPG
0,CC03RL-2T.JPG
0,CC03SPR-3-K.JPG
0,CC04TWN.JPG
0,CC101.JPG
0,CC11K-0.JPG
0,CC11K-1.JPG
0,CC11K-2.JPG
0,CC11K-2S.JPG
0,CC11K-2T.JPG
0,CC11K.JPG
0,CC15-0.JPG
0,CC15-1.JPG
0,CC15-2.JPG
0,CC15-2S.JPG
0,CC15-2T.JPG
0,CC15.JPG
0,CC18-0.JPG
0,CC18-1.JPG
0,CC18-2.JPG
0,CC18-2S.JPG
0,CC18-2T.JPG
0,CC18.JPG
0,CC31-0.JPG
0,CC31-1.JPG
0,CC31-2.JPG
0,CC31-2S.JPG
0,CC31-2T.JPG
0,CC31.JPG
0,CC33-0.JPG
0,CC33-1.JPG
0,CC33-2.JPG
0,CC33-2S.JPG
0,CC33-2T.JPG
0,CC33.JPG
0,CC34-0.JPG
0,CC34-1.JPG
0,CC34-2.JPG
0,CC34-2S.JPG
0,CC34-2T.JPG
0,CC34.JPG
0,CCB-0.JPG
0,CCB-1.JPG
0,CCB-1.PSD
0,CCB-2.JPG
0,CCB-2S.JPG
0,CCB-2T.JPG
0,CD9-3.JPG
0,CF-0.JPG
0,CF-1.JPG
0,CF-2.JPG
0,CF-2S.JPG
0,CF-2T.JPG
0,CF-4_4.PSD
0,CF-BF-0.JPG
0,CF-BF-1.JPG
0,CF-BF-2.JPG
0,CF-BF-2S.JPG
0,CF-BF-2T.JPG
0,CF-BF-3.JPG
0,CF-BF-3S.JPG
0,CF-BF-3T.JPG
0,CF-BF-4.JPG
0,CF-BF-4S.JPG
0,CF-BF-4T.JPG
0,CF-BF-5.JPG
0,CF-BF-5S.JPG
0,CF-BF-5T.JPG
0,CF-BF.TIF
0,CF-BG.TIF
0,CF-BOW.TIF
0,CF-CELLO.TIF
0,CG-V.JPG
0,CG.PSD
0,CG1-2S.JPG
0,CG50-0.JPG
0,CG50-1.JPG
0,CG50-2.JPG
0,CG50-2S.JPG
0,CG50-2T.JPG
0,CG50.JPG
0,CHS.JPG
0,CL1-M-0.JPG
0,CL1-M-1.JPG
0,CL1-M-2.JPG
0,CL1-M-2S.JPG
0,CL1-M-2T.JPG
0,CL1.TIF
0,CL2-0.JPG
0,CL2-1.JPG
0,CL2-2.JPG
0,CL2-2S.JPG
0,CL2-2T.JPG
0,CL3-0.JPG
0,CL3-1.JPG
0,CL3-2.JPG
0,CL3-2S.JPG
0,CL3-2T.JPG
0,CL4-0.JPG
0,CL4-1.JPG
0,CL4-2.JPG
0,CL4-2S.JPG
0,CL4-2T.JPG
0,CL4.PSD
0,CM-100-2S.JPG
0,CM-1000-0.JPG
0,CM-1000-1.JPG
0,CM-1000-2.JPG
0,CM-1000-2S.JPG
0,CM-1000-2T.JPG
0,CM-1000.PSD
0,CM125-0.JPG
0,CM125-1.JPG
0,CM125-2.JPG
0,CM125-2S.JPG
0,CM125-2T.JPG
0,CMC-1-0.JPG
0,CMC-1-1.JPG
0,CMC-1-2.JPG
0,CMC-1-2S.JPG
0,CMC-1-2T.JPG
0,CMC-1.PSD
0,CMC-1B-0.JPG
0,CMC-1B-1.JPG
0,CMC-1B-2.JPG
0,CMC-1B-2S.JPG
0,CMC-1B-2T.JPG
0,CMC-1B.PSD
0,CMV-1-0.JPG
0,CMV-1-1.JPG
0,CMV-1-2.JPG
0,CMV-1-2S.JPG
0,CMV-1-2T.JPG
0,CMV-1.TIF
0,CMV-1B-0.JPG
0,CMV-1B-1.JPG
0,CMV-1B-2.JPG
0,CMV-1B-2S.JPG
0,CMV-1B-2T.JPG
0,CMV-1B.TIF
0,CORDOVOX LOGO.AI
0,CP-AC-8-0.JPG
0,CP-AC-8-1.JPG
0,CP-AC-8-2.JPG
0,CP-AC-8-2S.JPG
0,CP-AC-8-2T.JPG
0,CP-AC-8.JPG
0,CP-AD-7-0.JPG
0,CP-AD-7-1.JPG
0,CP-AD-7-2.JPG
0,CP-AD-7-2S.JPG
0,CP-AD-7-2T.JPG
0,CP-AD-7.JPG
0,CP-AD-8-0.JPG
0,CP-AD-8-1.JPG
0,CP-AD-8-2.JPG
0,CP-AD-8-2S.JPG
0,CP-AD-8-2T.JPG
0,CP-AD-8.JPG
0,CP-BL-8-0.JPG
0,CP-BL-8-1.JPG
0,CP-BL-8-2.JPG
0,CP-BL-8-2S.JPG
0,CP-BL-8-2T.JPG
0,CP-BL-8.JPG
0,CP-C-0.JPG
0,CP-C-1.JPG
0,CP-C-2.JPG
0,CP-C-2S.JPG
0,CP-C-2T.JPG
0,CP-C.TIF
0,CP-CH-8-0.JPG
0,CP-CH-8-1.JPG
0,CP-CH-8-2.JPG
0,CP-CH-8-2S.JPG
0,CP-CH-8-2T.JPG
0,CP-CH-8.JPG
0,CP-CO-8-0.JPG
0,CP-CO-8-1.JPG
0,CP-CO-8-2.JPG
0,CP-CO-8-2S.JPG
0,CP-CO-8-2T.JPG
0,CP-CO-8.PSD
0,CP-DS-8-0.JPG
0,CP-DS-8-1.JPG
0,CP-DS-8-2.JPG
0,CP-DS-8-2S.JPG
0,CP-DS-8-2T.JPG
0,CP-DS-8.JPG
0,CP-DS-9-0.JPG
0,CP-DS-9-1.JPG
0,CP-DS-9-2.JPG
0,CP-DS-9-2S.JPG
0,CP-DS-9-2T.JPG
0,CP-DS-9.JPG
0,CP-EQ-7-0.JPG
0,CP-EQ-7-1.JPG
0,CP-EQ-7-2.JPG
0,CP-EQ-7-2S.JPG
0,CP-EQ-7-2T.JPG
0,CP-EQ-7.JPG
0,CP-FL-8-0.JPG
0,CP-FL-8-1.JPG
0,CP-FL-8-2.JPG
0,CP-FL-8-2S.JPG
0,CP-FL-8-2T.JPG
0,CP-FL-8.JPG
0,CP-FZ-7-0.JPG
0,CP-FZ-7-1.JPG
0,CP-FZ-7-2.JPG
0,CP-FZ-7-2S.JPG
0,CP-FZ-7-2T.JPG
0,CP-FZ-7.JPG
0,CP-LTL-02-0.JPG
0,CP-LTL-02-1.JPG
0,CP-LTL-02-2.JPG
0,CP-LTL-02-2S.JPG
0,CP-LTL-02-2T.JPG
0,CP-LTL-02.PSD
0,CP-METALEND-0.JPG
0,CP-METALEND-1.JPG
0,CP-METALEND-2.JPG
0,CP-METALEND-2S.JPG
0,CP-METALEND-2T.JPG
0,CP-METALEND.PSD
0,CP-OD-7-0.JPG
0,CP-OD-7-1.JPG
0,CP-OD-7-2.JPG
0,CP-OD-7-2S.JPG
0,CP-OD-7-2T.JPG
0,CP-OD-7.JPG
0,CP-OD-8-0.JPG
0,CP-OD-8-1.JPG
0,CP-OD-8-2.JPG
0,CP-OD-8-2S.JPG
0,CP-OD-8-2T.JPG
0,CP-OD-8.JPG
0,CP-PH-8-0.JPG
0,CP-PH-8-1.JPG
0,CP-PH-8-2.JPG
0,CP-PH-8-2S.JPG
0,CP-PH-8-2T.JPG
0,CP-PH-8.JPG
0,CP-RV-8-0.JPG
0,CP-RV-8-1.JPG
0,CP-RV-8-2.JPG
0,CP-RV-8-2S.JPG
0,CP-RV-8-2T.JPG
0,CP-RV-8.JPG
0,CP-SP-1-0.JPG
0,CP-SP-1-1.JPG
0,CP-SP-1-2.JPG
0,CP-SP-1-2S.JPG
0,CP-SP-1-2T.JPG
0,CP-SP-1.PSD
0,CP-TR-8-0.JPG
0,CP-TR-8-1.JPG
0,CP-TR-8-2.JPG
0,CP-TR-8-2S.JPG
0,CP-TR-8-2T.JPG
0,CP-TR-8.JPG
0,CP36GW1.JPG
0,CPPMG.JPG
0,CPSC1-0.JPG
0,CPSC1-1.JPG
0,CPSC1-2.JPG
0,CPSC1-2S.JPG
0,CPSC1-2T.JPG
0,CPSC1.PSD
0,CPSC1_1.PSD
0,CPWVP-0.JPG
0,CPWVP-1.JPG
0,CPWVP-2.JPG
0,CPWVP-2S.JPG
0,CPWVP-2T.JPG
0,CPWVP.JPG
0,CPWVS.PSD
0,CPWX1.PSD
0,CR-FL.PSD
0,CRVG-1-0.JPG
0,CRVG-1-1.JPG
0,CRVG-1-2.JPG
0,CRVG-1-2S.JPG
0,CRVG-1-2T.JPG
0,CRVG-1.TIF
0,CS-1-0.JPG
0,CS-1-1.JPG
0,CS-1-2.JPG
0,CS-1-2S.JPG
0,CS-1-2T.JPG
0,CS-1.JPG
0,CS-1L-2S.JPG
0,CS-1L.TIF
0,CST-200-0.JPG
0,CST-200-1.JPG
0,CST-200-2.JPG
0,CST-200-2S.JPG
0,CST-200-2T.JPG
0,CST-200.TIF
0,CST-200BS-0.JPG
0,CST-200BS-1.JPG
0,CST-200BS-2.JPG
0,CST-200BS-2S.JPG
0,CST-200BS-2T.JPG
0,CST-200BS.TIF
0,CT-0.JPG
0,CT-1.JPG
0,CT-2.JPG
0,CT-2S.JPG
0,CT-2T.JPG
0,CU-10-0.JPG
0,CU-10-1.JPG
0,CU-10-10.JPG
0,CU-10-10S.JPG
0,CU-10-10T.JPG
0,CU-10-11.JPG
0,CU-10-11S.JPG
0,CU-10-11T.JPG
0,CU-10-12.JPG
0,CU-10-12S.JPG
0,CU-10-12T.JPG
0,CU-10-2.JPG
0,CU-10-2S.JPG
0,CU-10-2T.JPG
0,CU-10-3.JPG
0,CU-10-3S.JPG
0,CU-10-3T.JPG
0,CU-10-4.JPG
0,CU-10-4S.JPG
0,CU-10-4T.JPG
0,CU-10-5.JPG
0,CU-10-5S.JPG
0,CU-10-5T.JPG
0,CU-10-6.JPG
0,CU-10-6S.JPG
0,CU-10-6T.JPG
0,CU-10-7.JPG
0,CU-10-7S.JPG
0,CU-10-7T.JPG
0,CU-10-8.JPG
0,CU-10-8S.JPG
0,CU-10-8T.JPG
0,CU-10-9.JPG
0,CU-10-9S.JPG
0,CU-10-9T.JPG
0,CU-100BL.TIF
0,CU-101BK.TIF
0,CU-102BR.TIF
0,CU-103GR.TIF
0,CU-104OR.TIF
0,CU-105RD.TIF
0,CU-106PK.TIF
0,CU-107PUR.TIF
0,CU-108WH.TIF
0,CU-109Y.TIF
0,CU-110N.TIF
0,CU-2-0.JPG
0,CU-2-1.JPG
0,CU-2-2.JPG
0,CU-2-2S.JPG
0,CU-2-2T.JPG
0,CU-300-0.JPG
0,CU-300-1.JPG
0,CU-300-2.JPG
0,CU-300-2S.JPG
0,CU-300-2T.JPG
0,CU-300-3.JPG
0,CU-300-3S.JPG
0,CU-300-3T.JPG
0,CU-4-0.JPG
0,CU-4-1.JPG
0,CU-4-2.JPG
0,CU-4-2S.JPG
0,CU-4-2T.JPG
0,CU-4-3.JPG
0,CU-4-3S.JPG
0,CU-4-3T.JPG
0,CW.TIF
0,CY-BAG-0.JPG
0,CY-BAG-1.JPG
0,CY-BAG-2.JPG
0,CY-BAG-2S.JPG
0,CY-BAG-2T.JPG
0,CY-BAG.TIF
0,D-3.JPG
0,D-42-0.JPG
0,D-42-1.JPG
0,D-42-2.JPG
0,D-42-2S.JPG
0,D-42-2T.JPG
0,D-42-3.JPG
0,D-42-3S.JPG
0,D-42-3T.JPG
0,D-42-4.JPG
0,D-42-4S.JPG
0,D-42-4T.JPG
0,D-42-5.JPG
0,D-42-5S.JPG
0,D-42-5T.JPG
0,D-42-6.JPG
0,D-42-6S.JPG
0,D-42-6T.JPG
0,D-42-7.JPG
0,D-42-7S.JPG
0,D-42-7T.JPG
0,D-5.JPG
0,D-5001.JPG
0,D-83-0.JPG
0,D-83-1.JPG
0,D-83-2.JPG
0,D-83-2S.JPG
0,D-83-2T.JPG
0,D-83-3.JPG
0,D-83-3S.JPG
0,D-83-3T.JPG
0,D-83-4.JPG
0,D-83-4S.JPG
0,D-83-4T.JPG
0,D-83-5.JPG
0,D-83-5S.JPG
0,D-83-5T.JPG
0,D-83-6.JPG
0,D-83-6S.JPG
0,D-83-6T.JPG
0,D-88N.TIF
0,D-BAT-1.PNG
0,D-BRUSH-0.JPG
0,D-BRUSH-1.JPG
0,D-BRUSH-2.JPG
0,D-BRUSH-2S.JPG
0,D-BRUSH-2T.JPG
0,D-BRUSH.JPG
0,D38-09BK.JPG
0,D38-10GY.JPG
0,D38-11BL.JPG
0,D38-11GY.JPG
0,D38-11OY.JPG
0,D38-11RD.JPG
0,D38-14GY.JPG
0,D38-15CL.JPG
0,D38-19BK.JPG
0,D38-31BK.JPG
0,D510.PNG
0,D67-02BK.JPG
0,D67-07.JPG
0,D67-10.JPG
0,D67-11.JPG
0,D67-12.JPG
0,D67-13.JPG
0,D67-14.JPG
0,D67-15.JPG
0,D67-16.JPG
0,D67-17.JPG
0,D67-18.JPG
0,D67-19.JPG
0,D67-20.JPG
0,D67-21.JPG
0,D940.PNG
0,DAB1048-0.JPG
0,DAB1048-1.JPG
0,DAB1048-2.JPG
0,DAB1048-2S.JPG
0,DAB1048-2T.JPG
0,DAB1048.JPG
0,DAP1048-0.JPG
0,DAP1048-1.JPG
0,DAP1048-2.JPG
0,DAP1048-2S.JPG
0,DAP1048-2T.JPG
0,DAP1048.JPG
0,DB-500-0.JPG
0,DB-500-1.JPG
0,DB-500-2.JPG
0,DB-500-2S.JPG
0,DB-500-2T.JPG
0,DB-500.TIF
0,DBB.PSD
0,DBN40100-0.JPG
0,DBN40100-1.JPG
0,DBN40100-2.JPG
0,DBN40100-2S.JPG
0,DBN40100-2T.JPG
0,DBN45105.JPG
0,DBS40100.JPG
0,DBSBS40100-0.JPG
0,DBSBS40100-1.JPG
0,DBSBS40100-2.JPG
0,DBSBS40100-2S.JPG
0,DBSBS40100-2T.JPG
0,DC-100-0.JPG
0,DC-100-1.JPG
0,DC-100-2.JPG
0,DC-100-2S.JPG
0,DC-100-2T.JPG
0,DC-100.TIF
0,DC-200-0.JPG
0,DC-200-1.JPG
0,DC-200-2.JPG
0,DC-200-2S.JPG
0,DC-200-2T.JPG
0,DC-200.PSD
0,DCB-1-0.JPG
0,DCB-1-1.JPG
0,DCB-1-2.JPG
0,DCB-1-2S.JPG
0,DCB-1-2T.JPG
0,DCH-7161-WH.PNG
0,DCH-7162.JPG
0,DCH-7166P-WH.PNG
0,DCH-7166P.PNG
0,DCIST03R.JPG
0,DCIX10.JPG
0,DCIX20.JPG
0,DCM15.JPG
0,DCP06J.JPG
0,DCV100NS.JPG
0,DD4.JPG
0,DEK1052.JPG
0,DEN0838.JPG
0,DH-6BK.TIF
0,DH-6C.TIF
0,DHCN1048-0.JPG
0,DHCN1048-1.JPG
0,DHCN1048-2.JPG
0,DHCN1048-2S.JPG
0,DHCN1048-2T.JPG
0,DHCN1060-6.JPG
0,DJN0930-0.JPG
0,DJN0930-1.JPG
0,DJN0930-2.JPG
0,DJN0930-2S.JPG
0,DJN0930-2T.JPG
0,DJN0930.JPG
0,DJP0920.JPG
0,DK-1-0.JPG
0,DK-1-1.JPG
0,DK-1-2.JPG
0,DK-1-2S.JPG
0,DK-1-2T.JPG
0,DK-1.PSD
0,DL009.JPG
0,DL090.JPG
0,DL47.JPG
0,DL9820.JPG
0,DMN1140.JPG
0,DMP1034-0.JPG
0,DMP1034-1.JPG
0,DMP1034-2.JPG
0,DMP1034-2S.JPG
0,DMP1034-2T.JPG
0,DP-200-0.JPG
0,DP-200-1.JPG
0,DP-200-2.JPG
0,DP-200-2S.JPG
0,DP-200-2T.JPG
0,DP-200.PSD
0,DPS-0.JPG
0,DPS-1.JPG
0,DPS-2.JPG
0,DPS-2S.JPG
0,DPS-2T.JPG
0,DPS-3.JPG
0,DPS-3S.JPG
0,DPS-3T.JPG
0,DPS-A-0.JPG
0,DPS-A-1.JPG
0,DPS-A-2.JPG
0,DPS-A-2S.JPG
0,DPS-A-2T.JPG
0,DPS-AF.JPG
0,DS-3306-0.JPG
0,DS-3306-1.JPG
0,DS-3306-2.JPG
0,DS-3306-2S.JPG
0,DS-3306-2T.JPG
0,DSB-1.TIF
0,DT-C1.JPG
0,DT-C2.JPG
0,DT01-0.JPG
0,DT01-1.JPG
0,DT01-2.JPG
0,DT01-2S.JPG
0,DT01-2T.JPG
0,DT01.TIF
0,DUQ201.JPG
0,DUQ301.JPG
0,DUY302.JPG
0,DVAB-0.JPG
0,DVAB-1.JPG
0,DVAB-2.JPG
0,DVAB-2S.JPG
0,DVAB-2T.JPG
0,DVB-1-0.JPG
0,DVB-1-1.JPG
0,DVB-1-2.JPG
0,DVB-1-2S.JPG
0,DVB-1-2T.JPG
0,DVB-1.PSD
0,DAVIDBOWIELOGO.PSD
0,DUNLOP LOGO.TIF
0,E-1430.PNG
0,E-2003.JPG
0,E-2006-0.JPG
0,E-2006-1.JPG
0,E-2006-2.JPG
0,E-2006-2S.JPG
0,E-2006-2T.JPG
0,E-2021.PNG
0,E-2150-0.JPG
0,E-2150-1.JPG
0,E-2150-2.JPG
0,E-2150-2S.JPG
0,E-2150-2T.JPG
0,E-2223-0.JPG
0,E-2223-1.JPG
0,E-2223-2.JPG
0,E-2223-2S.JPG
0,E-2223-2T.JPG
0,E-2223.TIF
0,E-2238-0.JPG
0,E-2238-1.JPG
0,E-2238-2.JPG
0,E-2238-2S.JPG
0,E-2238-2T.JPG
0,E-2251.PNG
0,E-2323.PNG
0,E-2403-0.JPG
0,E-2403-1.JPG
0,E-2403-2.JPG
0,E-2403-2S.JPG
0,E-2403-2T.JPG
0,E-2403-3.JPG
0,E-2403-3S.JPG
0,E-2403-3T.JPG
0,E-2403-4.JPG
0,E-2403-4S.JPG
0,E-2403-4T.JPG
0,E-2504.PNG
0,E-2550-0.JPG
0,E-2550-1.JPG
0,E-2550-2.JPG
0,E-2550-2S.JPG
0,E-2550-2T.JPG
0,E-2554.PNG
0,E-2570.PNG
0,E-2723-0.JPG
0,E-2723-1.JPG
0,E-2723-2.JPG
0,E-2723-2S.JPG
0,E-2723-2T.JPG
0,E-2723.TIF
0,E-2833-0.JPG
0,E-2833-1.JPG
0,E-2833-2.JPG
0,E-2833-2S.JPG
0,E-2833-2T.JPG
0,E-3122.PNG
0,E-3123-0.JPG
0,E-3123-1.JPG
0,E-3123-2.JPG
0,E-3123-2S.JPG
0,E-3123-2T.JPG
0,E-4112.JPG
0,E-4117.TIF
0,E-4118.PNG
0,E-4119.TIF
0,E-4229.TIF
0,E-4232.TIF
0,E-4233.TIF
0,E-4234.TIF
0,E-4235.TIF
0,E-6044.PNG
0,E-6046.PNG
0,E-6049.PNG
0,E-6050.TIF
0,E-6052.TIF
0,E-6060.TIF
0,E-6062.TIF
0,E-6165-0.JPG
0,E-6165-1.JPG
0,E-6165-2.JPG
0,E-6165-2S.JPG
0,E-6165-2T.JPG
0,E-6165.PNG
0,E-6166-0.JPG
0,E-6166-1.JPG
0,E-6166-2.JPG
0,E-6166-2S.JPG
0,E-6166-2T.JPG
0,E-6166.PNG
0,E-6168-0.JPG
0,E-6168-1.JPG
0,E-6168-2.JPG
0,E-6168-2S.JPG
0,E-6168-2T.JPG
0,E-6180-0.JPG
0,E-6180-1.JPG
0,E-6180-2.JPG
0,E-6180-2S.JPG
0,E-6180-2T.JPG
0,E-6180.PSD
0,E-6181.PSD
0,E-6186-0.JPG
0,E-6186-1.JPG
0,E-6186-2.JPG
0,E-6186-2S.JPG
0,E-6186-2T.JPG
0,E-6186.TIF
0,E-9187.TIF
0,E-9619.PNG
0,E-9620.PNG
0,E-ADJ 1_2.TIF
0,E-ADJ-0.JPG
0,E-ADJ-1.JPG
0,E-ADJ-2.JPG
0,E-ADJ-2S.JPG
0,E-ADJ-2T.JPG
0,ECB004US.TIF
0,ECB02-0.JPG
0,ECB02-1.JPG
0,ECB02-2.JPG
0,ECB02-2S.JPG
0,ECB02-2T.JPG
0,EFV-100-0.JPG
0,EFV-100-1.JPG
0,EFV-100-2.JPG
0,EFV-100-2S.JPG
0,EFV-100-2T.JPG
0,EFV-100-3.JPG
0,EFV-100-3S.JPG
0,EFV-100-3T.JPG
0,EFV-100-4.JPG
0,EFV-100-4S.JPG
0,EFV-100-4T.JPG
0,EFV-100.PSD
0,EFV-100W SIDE.PSD
0,EFV-100W.PSD
0,EMV-0.JPG
0,EMV-1-0.JPG
0,EMV-1-1.JPG
0,EMV-1-2.JPG
0,EMV-1-2S.JPG
0,EMV-1-2T.JPG
0,EMV-1.JPG
0,EMV-1.TIF
0,EMV-2.JPG
0,EMV-2S.JPG
0,EMV-2T.JPG
0,EMV.TIF
0,EP-16-0.JPG
0,EP-16-1.JPG
0,EP-16-2.JPG
0,EP-16-2S.JPG
0,EP-16-2T.JPG
0,EP-16.PSD
0,EP-192-0.JPG
0,EP-192-1.JPG
0,EP-192-2.JPG
0,EP-192-2S.JPG
0,EP-192-2T.JPG
0,EP-192.JPG
0,EP-196-0.JPG
0,EP-196-1.JPG
0,EP-196-2.JPG
0,EP-196-2S.JPG
0,EP-196-2T.JPG
0,EP-196.JPG
0,EP-917-0.JPG
0,EP-917-1.JPG
0,EP-917-2.JPG
0,EP-917-2S.JPG
0,EP-917-2T.JPG
0,EP-917.PSD
0,EP-9250.JPG
0,EP-927-0.JPG
0,EP-927-1.JPG
0,EP-927-2.JPG
0,EP-927-2S.JPG
0,EP-927-2T.JPG
0,EP-927.PSD
0,EP-937-0.JPG
0,EP-937-1.JPG
0,EP-937-2.JPG
0,EP-937-2S.JPG
0,EP-937-2T.JPG
0,EP-937.PSD
0,EP-967-0.JPG
0,EP-967-1.JPG
0,EP-967-2.JPG
0,EP-967-2S.JPG
0,EP-967-2T.JPG
0,EP-967.JPG
0,EP-C-0.JPG
0,EP-C-1.JPG
0,EP-C-2.JPG
0,EP-C-2S.JPG
0,EP-C-2T.JPG
0,EP-C.PSD
0,EP-V-0.JPG
0,EP-V-1.JPG
0,EP-V-2.JPG
0,EP-V-2S.JPG
0,EP-V-2T.JPG
0,EP-V.JPG
0,EQ-505R-0.JPG
0,EQ-505R-1.JPG
0,EQ-505R-2.JPG
0,EQ-505R-2S.JPG
0,EQ-505R-2T.JPG
0,EQ-505R.EPS
0,EQ-6T-0.JPG
0,EQ-6T-1.JPG
0,EQ-6T-2.JPG
0,EQ-6T-2S.JPG
0,EQ-6T-2T.JPG
0,EQ-6T.EPS
0,EQ-A300-0.JPG
0,EQ-A300-1.JPG
0,EQ-A300-2.JPG
0,EQ-A300-2S.JPG
0,EQ-A300-2T.JPG
0,EQ-A300.PSD
0,EQ-A400-0.JPG
0,EQ-A400-1.JPG
0,EQ-A400-2.JPG
0,EQ-A400-2S.JPG
0,EQ-A400-2T.JPG
0,EQ-A400.EPS
0,EQ-A4T-0.JPG
0,EQ-A4T-1.JPG
0,EQ-A4T-2.JPG
0,EQ-A4T-2S.JPG
0,EQ-A4T-2T.JPG
0,EQ-A4T.PSD
0,EQ-A500-0.JPG
0,EQ-A500-1.JPG
0,EQ-A500-2.JPG
0,EQ-A500-2S.JPG
0,EQ-A500-2T.JPG
0,EQ-A500.EPS
0,EQ-A5T-0.JPG
0,EQ-A5T-1.JPG
0,EQ-A5T-2.JPG
0,EQ-A5T-2S.JPG
0,EQ-A5T-2T.JPG
0,EQ-A5T.EPS
0,EQ-APS900-0.JPG
0,EQ-APS900-1.JPG
0,EQ-APS900-2.JPG
0,EQ-APS900-2S.JPG
0,EQ-APS900-2T.JPG
0,EQ-APS900.EPS
0,ES-2.JPG
0,ERNIE_BALL_MUSIC_MAN_LOGO.EPS
0,ERNIE_BALL_MUSIC_MAN_LOGO_1.EPS
0,F1-0.PNG
0,F1-1.PNG
0,F1-2.PNG
0,F1-2S.PNG
0,F1-2T.PNG
0,F1.PNG
0,FB-VN-0.JPG
0,FB-VN-1.JPG
0,FB-VN-2.JPG
0,FB-VN-2S.JPG
0,FB-VN-2T.JPG
0,FB-VN.TIF
0,FBC.PSD
0,FBY53-0.JPG
0,FBY53-1.JPG
0,FBY53-2.JPG
0,FBY53-2S.JPG
0,FBY53-2T.JPG
0,FBY53.JPG
0,FC2018-A.PSD
0,FF-15-0.JPG
0,FF-15-1.JPG
0,FF-15-2.JPG
0,FF-15-2S.JPG
0,FF-15-2T.JPG
0,FF-15-3.JPG
0,FF-15-3S.JPG
0,FF-15-3T.JPG
0,FF-15-4.JPG
0,FF-15-4S.JPG
0,FF-15-4T.JPG
0,FF-15-5.JPG
0,FF-15-5S.JPG
0,FF-15-5T.JPG
0,FF-15RETRO.PSD
0,FS-1-0.JPG
0,FS-1-1.JPG
0,FS-1-2.JPG
0,FS-1-2S.JPG
0,FS-1-2T.JPG
0,FS-1.TIF
0,FS-2-0.JPG
0,FS-2-1.JPG
0,FS-2-2.JPG
0,FS-2-2S.JPG
0,FS-2-2T.JPG
0,FS-2.TIF
0,FS1112SETN.PNG
0,FS785N.PNG
0,FS785SB.JPG
0,FSCJUV.JPG
0,FSPWSH3.JPG
0,FV-100-0.JPG
0,FV-100-1.JPG
0,FV-100-2.JPG
0,FV-100-2S.JPG
0,FV-100-2T.JPG
0,FV-100.PSD
0,G501H-0.JPG
0,G501H-1.JPG
0,G501H-2.JPG
0,G501H-2S.JPG
0,G501H-2T.JPG
0,G7-2WRD-0.JPG
0,G7-2WRD-1.JPG
0,G7-2WRD-2.JPG
0,G7-2WRD-2S.JPG
0,G7-2WRD-2T.JPG
0,G7-2WRD.TIF
0,GA-1-0.JPG
0,GA-1-1.JPG
0,GA-1-2.JPG
0,GA-1-2S.JPG
0,GA-1-2T.JPG
0,GA-1.TIF
0,GBE-5001-0.JPG
0,GBE-5001-1.JPG
0,GBE-5001-2.JPG
0,GBE-5001-2S.JPG
0,GBE-5001-2T.JPG
0,GBE-5001.JPG
0,GK-CT01-0.JPG
0,GK-CT01-1.JPG
0,GK-CT01-2.JPG
0,GK-CT01-2S.JPG
0,GK-CT01-2T.JPG
0,GK-CT01.JPG
0,GK-ES30-0.JPG
0,GK-ES30-1.JPG
0,GK-ES30-2.JPG
0,GK-ES30-2S.JPG
0,GK-ES30-2T.JPG
0,GK-ES30.JPG
0,GK-ES41-0.JPG
0,GK-ES41-1.JPG
0,GK-ES41-2.JPG
0,GK-ES41-2S.JPG
0,GK-ES41-2T.JPG
0,GK-ES41.JPG
0,GK-LP380-0.JPG
0,GK-LP380-1.JPG
0,GK-LP380-2.JPG
0,GK-LP380-2S.JPG
0,GK-LP380-2T.JPG
0,GK-LP380.JPG
0,GK-LT100-0.JPG
0,GK-LT100-1.JPG
0,GK-LT100-2.JPG
0,GK-LT100-2S.JPG
0,GK-LT100-2T.JPG
0,GK-PB10-0.JPG
0,GK-PB10-1.JPG
0,GK-PB10-2.JPG
0,GK-PB10-2S.JPG
0,GK-PB10-2T.JPG
0,GK-PB10.JPG
0,GK-SKL180-0.JPG
0,GK-SKL180-1.JPG
0,GK-SKL180-2.JPG
0,GK-SKL180-2S.JPG
0,GK-SKL180-2T.JPG
0,GK-SSG200-0.JPG
0,GK-SSG200-1.JPG
0,GK-SSG200-2.JPG
0,GK-SSG200-2S.JPG
0,GK-SSG200-2T.JPG
0,GK-SSG200.JPG
0,GK-SST01-0.JPG
0,GK-SST01-1.JPG
0,GK-SST01-2.JPG
0,GK-SST01-2S.JPG
0,GK-SST01-2T.JPG
0,GK-SST01.JPG
0,GK-STL180.JPG
0,GK-SVL10-0.JPG
0,GK-SVL10-1.JPG
0,GK-SVL10-2.JPG
0,GK-SVL10-2S.JPG
0,GK-SVL10-2T.JPG
0,GK-SVL10.JPG
0,GK-TL100.JPG
0,GLC-231-0.JPG
0,GLC-231-1.JPG
0,GLC-231-2.JPG
0,GLC-231-2S.JPG
0,GLC-231-2T.JPG
0,GLC-231-3.JPG
0,GLC-231-3S.JPG
0,GLC-231-3T.JPG
0,GLC-231CEQ 2.PSD
0,GLC-231NAT.PSD
0,GP-5-0.JPG
0,GP-5-1.JPG
0,GP-5-2.JPG
0,GP-5-2S.JPG
0,GP-5-2T.JPG
0,GP-5-3.JPG
0,GP-5-3S.JPG
0,GP-5-3T.JPG
0,GP-5-4.JPG
0,GP-5-4S.JPG
0,GP-5-4T.JPG
0,GP-5-5.JPG
0,GP-5-5S.JPG
0,GP-5-5T.JPG
0,GP.TIF
0,GR-0.JPG
0,GR-1.JPG
0,GR-2.JPG
0,GR-2S.JPG
0,GR-2T.JPG
0,GR-3.JPG
0,GR-3S.JPG
0,GR-3T.JPG
0,GR-4.JPG
0,GR-4S.JPG
0,GR-4T.JPG
0,GS-1000PRO+.JPG
0,GS-2.PSD
0,GS-A-0.JPG
0,GS-A-1.JPG
0,GS-A-2.JPG
0,GS-A-2S.JPG
0,GS-A-2T.JPG
0,GS-A.TIF
0,GS-B-0.JPG
0,GS-B-1.JPG
0,GS-B-2.JPG
0,GS-B-2S.JPG
0,GS-B-2T.JPG
0,GS-B.TIF
0,GS1.JPG
0,GTST-04BK.PSD
0,GTST-04IW.PSD
0,GTST-04RD.PSD
0,GTST-04SL.PSD
0,GTST-04WH.PSD
0,GTTL-03BL.PSD
0,GTTL-03RD.PSD
0,GUIRO-0.JPG
0,GUIRO-1.JPG
0,GUIRO-2.JPG
0,GUIRO-2S.JPG
0,GUIRO-2T.JPG
0,GUIRO.TIF
0,GV-1309-0.JPG
0,GV-1309-1.JPG
0,GV-1309-2.JPG
0,GV-1309-2S.JPG
0,GV-1309-2T.JPG
0,GV-1309.JPG
0,GV-1310-0.JPG
0,GV-1310-1.JPG
0,GV-1310-2.JPG
0,GV-1310-2S.JPG
0,GV-1310-2T.JPG
0,GV-1310.JPG
0,GV-1311-0.JPG
0,GV-1311-1.JPG
0,GV-1311-2.JPG
0,GV-1311-2S.JPG
0,GV-1311-2T.JPG
0,GV-1311.JPG
0,GV-1312-0.JPG
0,GV-1312-1.JPG
0,GV-1312-2.JPG
0,GV-1312-2S.JPG
0,GV-1312-2T.JPG
0,GV-1312.JPG
0,GV-3002-0.JPG
0,GV-3002-1.JPG
0,GV-3002-2.JPG
0,GV-3002-2S.JPG
0,GV-3002-2T.JPG
0,GV-3002.JPG
0,GV-4001-0.JPG
0,GV-4001-1.JPG
0,GV-4001-2.JPG
0,GV-4001-2S.JPG
0,GV-4001-2T.JPG
0,GV-4001.JPG
0,GVA-1-0.JPG
0,GVA-1-1.JPG
0,GVA-1-2.JPG
0,GVA-1-2S.JPG
0,GVA-1-2T.JPG
0,GVA-V-0.JPG
0,GVA-V-1.JPG
0,GVA-V-2.JPG
0,GVA-V-2S.JPG
0,GVA-V-2T.JPG
0,GVA-V12.PSD
0,GVAC-1 BACK.PSD
0,GVAC-1-0.JPG
0,GVAC-1-1.JPG
0,GVAC-1-2.JPG
0,GVAC-1-2S.JPG
0,GVAC-1-2T.JPG
0,GVAC-1-3.JPG
0,GVAC-1-3S.JPG
0,GVAC-1-3T.JPG
0,GVAC-1.PSD
0,GVE-1309-0.JPG
0,GVE-1309-1.JPG
0,GVE-1309-2.JPG
0,GVE-1309-2S.JPG
0,GVE-1309-2T.JPG
0,GVE-1903-0.JPG
0,GVE-1903-1.JPG
0,GVE-1903-2.JPG
0,GVE-1903-2S.JPG
0,GVE-1903-2T.JPG
0,GVE-1903.JPG
0,GVE-3002-0.JPG
0,GVE-3002-1.JPG
0,GVE-3002-2.JPG
0,GVE-3002-2S.JPG
0,GVE-3002-2T.JPG
0,GVE-4001-0.JPG
0,GVE-4001-1.JPG
0,GVE-4001-2.JPG
0,GVE-4001-2S.JPG
0,GVE-4001-2T.JPG
0,GVE-N006-0.JPG
0,GVE-N006-1.JPG
0,GVE-N006-2.JPG
0,GVE-N006-2S.JPG
0,GVE-N006-2T.JPG
0,GVE-N006.JPG
0,GVE-N009-0.JPG
0,GVE-N009-1.JPG
0,GVE-N009-2.JPG
0,GVE-N009-2S.JPG
0,GVE-N009-2T.JPG
0,GVE-N009.JPG
0,GVE-N029-0.JPG
0,GVE-N029-1.JPG
0,GVE-N029-2.JPG
0,GVE-N029-2S.JPG
0,GVE-N029-2T.JPG
0,GVE-N029.JPG
0,GVE-N048-0.JPG
0,GVE-N048-1.JPG
0,GVE-N048-2.JPG
0,GVE-N048-2S.JPG
0,GVE-N048-2T.JPG
0,GVE-N048.JPG
0,GVE-N1808-0.JPG
0,GVE-N1808-1.JPG
0,GVE-N1808-2.JPG
0,GVE-N1808-2S.JPG
0,GVE-N1808-2T.JPG
0,GVE-N1808.JPG
0,GVPA-1-0.JPG
0,GVPA-1-1.JPG
0,GVPA-1-2.JPG
0,GVPA-1-2S.JPG
0,GVPA-1-2T.JPG
0,GVPA-1-3.JPG
0,GVPA-1-3S.JPG
0,GVPA-1-3T.JPG
0,GVPA-1-4.JPG
0,GVPA-1-4S.JPG
0,GVPA-1-4T.JPG
0,GVPA-1.TIF
0,GVPB-1-0.JPG
0,GVPB-1-1.JPG
0,GVPB-1-2.JPG
0,GVPB-1-2S.JPG
0,GVPB-1-2T.JPG
0,GVPB-1-3.JPG
0,GVPB-1-3S.JPG
0,GVPB-1-3T.JPG
0,GVPB-1-4.JPG
0,GVPB-1-4S.JPG
0,GVPB-1-4T.JPG
0,GVPB-1.TIF
0,GVSA-1-0.JPG
0,GVSA-1-1.JPG
0,GVSA-1-2.JPG
0,GVSA-1-2S.JPG
0,GVSA-1-2T.JPG
0,GVSA-1-3.JPG
0,GVSA-1-3S.JPG
0,GVSA-1-3T.JPG
0,GVSA-1-4.JPG
0,GVSA-1-4S.JPG
0,GVSA-1-4T.JPG
0,GVSA-1.TIF
0,GVSAC-1-0.JPG
0,GVSAC-1-1.JPG
0,GVSAC-1-2.JPG
0,GVSAC-1-2S.JPG
0,GVSAC-1-2T.JPG
0,GVSAC-1-3.JPG
0,GVSAC-1-3S.JPG
0,GVSAC-1-3T.JPG
0,GVSAC-1-4.JPG
0,GVSAC-1-4S.JPG
0,GVSAC-1-4T.JPG
0,GVSAC-1.TIF
0,GVSB-0.JPG
0,GVSB-1.JPG
0,GVSB-2.JPG
0,GVSB-2S.JPG
0,GVSB-2T.JPG
0,GVSB-3.JPG
0,GVSB-3S.JPG
0,GVSB-3T.JPG
0,GVSB-4.JPG
0,GVSB-4S.JPG
0,GVSB-4T.JPG
0,GVSBC-1-0.JPG
0,GVSBC-1-1.JPG
0,GVSBC-1-2.JPG
0,GVSBC-1-2S.JPG
0,GVSBC-1-2T.JPG
0,GVSBC-1-3.JPG
0,GVSBC-1-3S.JPG
0,GVSBC-1-3T.JPG
0,GVSBC-1-4.JPG
0,GVSBC-1-4S.JPG
0,GVSBC-1-4T.JPG
0,GVSBC-1.TIF
0,GWS-1-0.JPG
0,GWS-1-1.JPG
0,GWS-1-2.JPG
0,GWS-1-2S.JPG
0,GWS-1-2T.JPG
0,GENAIIMAGE_6B537088-7B82-4B0C-BA33-BC1EAC4B728C.JPEG
0,GENAIIMAGE_D0715E39-7DDF-40A6-939F-A63A5ED0025E.JPEG
0,GENEVALOGO.AI
0,GONBOPS.AI
0,GUIRO-2.JPG
0,HD-21-0.JPG
0,HD-21-1.JPG
0,HD-21-2.JPG
0,HD-21-2S.JPG
0,HD-21-2T.JPG
0,HD-V21-0.JPG
0,HD-V21-1.JPG
0,HD-V21-2.JPG
0,HD-V21-2S.JPG
0,HD-V21-2T.JPG
0,HD-V21.TIF
0,HD-V31-0.JPG
0,HD-V31-1.JPG
0,HD-V31-2.JPG
0,HD-V31-2S.JPG
0,HD-V31-2T.JPG
0,HE110.JPG
0,HE111-0.JPG
0,HE111-1.JPG
0,HE111-2.JPG
0,HE111-2S.JPG
0,HE111-2T.JPG
0,HE111.TIF
0,HE115-0.JPG
0,HE115-1.JPG
0,HE115-2.JPG
0,HE115-2S.JPG
0,HE115-2T.JPG
0,HE115.TIF
0,HE185.JPG
0,HE210-0.JPG
0,HE210-1.JPG
0,HE210-2.JPG
0,HE210-2S.JPG
0,HE210-2T.JPG
0,HE210.TIF
0,HE449SI.JPG
0,HE56.JPG
0,HE73.JPG
0,HES.JPG
0,HH-0.JPG
0,HH-1.JPG
0,HH-2.JPG
0,HH-200-0.JPG
0,HH-200-1.JPG
0,HH-200-2.JPG
0,HH-200-2S.JPG
0,HH-200-2T.JPG
0,HH-200.TIF
0,HH-2S.JPG
0,HH-2T.JPG
0,HH.PSD
0,HH12.JPG
0,HH17.JPG
0,HHC1-0.JPG
0,HHC1-1.JPG
0,HHC1-2.JPG
0,HHC1-2S.JPG
0,HHC1-2T.JPG
0,HHC1.TIF
0,HHS.TIF
0,HT-11A.PNG
0,HT-51C.PNG
0,HT-71C.PNG
0,HW10-0.JPG
0,HW10-1.JPG
0,HW10-2.JPG
0,HW10-2S.JPG
0,HW10-2T.JPG
0,HW10.JPG
0,HY25-0.JPG
0,HY25-1.JPG
0,HY25-2.JPG
0,HY25-2S.JPG
0,HY25-2T.JPG
0,HY25-BK.TIF
0,I-AS-0.JPG
0,I-AS-1.JPG
0,I-AS-2.JPG
0,I-AS-2S.JPG
0,I-AS-2T.JPG
0,I-AS-3.JPG
0,I-AS-3S.JPG
0,I-AS-3T.JPG
0,I-AS-4.JPG
0,I-AS-4S.JPG
0,I-AS-4T.JPG
0,I-AS-A.TIF
0,I-AS-N.TIF
0,I-AS.TIF
0,I-BAR-0.JPG
0,I-BAR-1.JPG
0,I-BAR-2.JPG
0,I-BAR-2S.JPG
0,I-BAR-2T.JPG
0,I-BAR.PSD
0,I-FH-0.JPG
0,I-FH-1.JPG
0,I-FH-2.JPG
0,I-FH-2S.JPG
0,I-FH-2T.JPG
0,I-FH.TIF
0,I-TROM-0.JPG
0,I-TROM-1.JPG
0,I-TROM-2.JPG
0,I-TROM-2S.JPG
0,I-TROM-2T.JPG
0,I-TS-0.JPG
0,I-TS-1.JPG
0,I-TS-2.JPG
0,I-TS-2S.JPG
0,I-TS-2T.JPG
0,I-TS-3.JPG
0,I-TS-3S.JPG
0,I-TS-3T.JPG
0,I-TS-4.JPG
0,I-TS-4S.JPG
0,I-TS-4T.JPG
0,I-TS-A.TIF
0,I-TS-N.TIF
0,I-TS.TIF
0,I-TUBA-0.JPG
0,I-TUBA-1-0.JPG
0,I-TUBA-1-1.JPG
0,I-TUBA-1-2.JPG
0,I-TUBA-1-2S.JPG
0,I-TUBA-1-2T.JPG
0,I-TUBA-1.JPG
0,I-TUBA-1.PSD
0,I-TUBA-2.JPG
0,I-TUBA-2S.JPG
0,I-TUBA-2T.JPG
0,I6-243-0.JPG
0,I6-243-1.JPG
0,I6-243-2.JPG
0,I6-243-2S.JPG
0,I6-243-2T.JPG
0,IC-1-0.JPG
0,IC-1-1.JPG
0,IC-1-2.JPG
0,IC-1-2S.JPG
0,IC-1-2T.JPG
0,IC-1.EPS
0,IEC-6.JPEG
0,IF-1-0.JPG
0,IF-1-1.JPG
0,IF-1-2.JPG
0,IF-1-2S.JPG
0,IF-1-2T.JPG
0,IF-1.PSD
0,IF-2H-0.JPG
0,IF-2H-1.JPG
0,IF-2H-2.JPG
0,IF-2H-2S.JPG
0,IF-2H-2T.JPG
0,IP-1-0.JPG
0,IP-1-1.JPG
0,IP-1-2.JPG
0,IP-1-2S.JPG
0,IP-1-2T.JPG
0,IP-1.TIF
0,IP-2-0.JPG
0,IP-2-1.JPG
0,IP-2-2.JPG
0,IP-2-2S.JPG
0,IP-2-2T.JPG
0,IP-L4.JPG
0,IRONMAIDENLOGO2.PSD
0,IS-1-0.JPG
0,IS-1-1.JPG
0,IS-1-2.JPG
0,IS-1-2S.JPG
0,IS-1-2T.JPG
0,IS-1.PSD
0,IT-2-0.JPG
0,IT-2-1.JPG
0,IT-2-2.JPG
0,IT-2-2S.JPG
0,IT-2-2T.JPG
0,IT-2.PSD
0,IT-3-0.JPG
0,IT-3-1.JPG
0,IT-3-2.JPG
0,IT-3-2S.JPG
0,IT-3-2T.JPG
0,IT-3.PSD
0,IT-P4-0.JPG
0,IT-P4-1.JPG
0,IT-P4-2.JPG
0,IT-P4-2S.JPG
0,IT-P4-2T.JPG
0,IT-P4.PSD
0,ITALIAN FLAG.AI
0,JB-100S-0.JPG
0,JB-100S-1.JPG
0,JB-100S-2.JPG
0,JB-100S-2S.JPG
0,JB-100S-2T.JPG
0,JB-100S.TIF
0,JB-20-0.JPG
0,JB-20-1.JPG
0,JB-20-2.JPG
0,JB-20-2S.JPG
0,JB-20-2T.JPG
0,JB-20.TIF
0,JD-165-0.JPG
0,JD-165-1.JPG
0,JD-165-2.JPG
0,JD-165-2S.JPG
0,JD-165-2T.JPG
0,JDF5-2S.JPG
0,JH-16-0.JPG
0,JH-16-1.JPG
0,JH-16-2.JPG
0,JH-16-2S.JPG
0,JH-16-2T.JPG
0,JH-24-0.JPG
0,JH-24-1.JPG
0,JH-24-2.JPG
0,JH-24-2S.JPG
0,JH-24-2T.JPG
0,JH-2448-0.JPG
0,JH-2448-1.JPG
0,JH-2448-2.JPG
0,JH-2448-2S.JPG
0,JH-2448-2T.JPG
0,JH-2448.PSD
0,JH-T008K-0.JPG
0,JH-T008K-1.JPG
0,JH-T008K-2.JPG
0,JH-T008K-2S.JPG
0,JH-T008K-2T.JPG
0,JH10C.EPS
0,JH16C.EPS
0,JHC-0.JPG
0,JHC-1.JPG
0,JHC-2.JPG
0,JHC-2S.JPG
0,JHC-2T.JPG
0,JHG-0.JPG
0,JHG-1.JPG
0,JHG-2.JPG
0,JHG-2S.JPG
0,JHG-2T.JPG
0,JK-2306-8-0.JPG
0,JK-2306-8-1.JPG
0,JK-2306-8-2.JPG
0,JK-2306-8-2S.JPG
0,JK-2306-8-2T.JPG
0,JK-2306-9-0.JPG
0,JK-2306-9-1.JPG
0,JK-2306-9-2.JPG
0,JK-2306-9-2S.JPG
0,JK-2306-9-2T.JPG
0,JK-2306-9.TIF
0,JK-2307-0.JPG
0,JK-2307-1.JPG
0,JK-2307-2.JPG
0,JK-2307-2S.JPG
0,JK-2307-2T.JPG
0,JK-2307.TIF
0,JK-2613M-0.JPG
0,JK-2613M-1.JPG
0,JK-2613M-2.JPG
0,JK-2613M-2S.JPG
0,JK-2613M-2T.JPG
0,JK-2613M.TIF
0,JQ-6542.JPG
0,JQ-6548.PSD
0,JQ-6724.JPG
0,JQ-6726.JPG
0,JQ-7007.JPG
0,JQ-7008.JPG
0,JQ-7009.JPG
0,JQ-7010.JPG
0,JQ-7035.JPG
0,JQ-7071.JPG
0,JQ-7072.JPG
0,JQ-7140.PSD
0,JQ-7143.PSD
0,JQ-7247.JPG
0,JQ-7276.JPG
0,JQ-7277.JPG
0,JQ-7286.JPG
0,JQ-7287.JPG
0,JQ-7310.JPG
0,JRU-561.PNG
0,JRU-562.PNG
0,JRU-680.PNG
0,JRU-680D.PNG
0,JS-AS100-0.JPG
0,JS-AS100-1.JPG
0,JS-AS100-2.JPG
0,JS-AS100-2S.JPG
0,JS-AS100-2T.JPG
0,JS-AS100.JPG
0,JS-DMS50-0.JPG
0,JS-DMS50-1.JPG
0,JS-DMS50-2.JPG
0,JS-DMS50-2S.JPG
0,JS-DMS50-2T.JPG
0,JS-DMS50.JPG
0,JS-DMS75-0.JPG
0,JS-DMS75-1.JPG
0,JS-DMS75-2.JPG
0,JS-DMS75-2S.JPG
0,JS-DMS75-2T.JPG
0,JS-DMS75.JPG
0,JS-FB100-0.JPG
0,JS-FB100-1.JPG
0,JS-FB100-2.JPG
0,JS-FB100-2S.JPG
0,JS-FB100-2T.JPG
0,JS-FB100.JPG
0,JS-GN13.JPG
0,JS-GN19.JPG
0,JS-GN6-0.JPG
0,JS-GN6-1.JPG
0,JS-GN6-2.JPG
0,JS-GN6-2S.JPG
0,JS-GN6-2T.JPG
0,JS-GN6.JPG
0,JS-GS-100+.PSD
0,JS-GS-100-0.JPG
0,JS-GS-100-1.JPG
0,JS-GS-100-2.JPG
0,JS-GS-100-2S.JPG
0,JS-GS-100-2T.JPG
0,JS-GS-1000PRO-0.JPG
0,JS-GS-1000PRO-1.JPG
0,JS-GS-1000PRO-2.JPG
0,JS-GS-1000PRO-2S.JPG
0,JS-GS-1000PRO-2T.JPG
0,JS-GS-200+.PSD
0,JS-GS-200-0.JPG
0,JS-GS-200-1.JPG
0,JS-GS-200-2.JPG
0,JS-GS-200-2S.JPG
0,JS-GS-200-2T.JPG
0,JS-HG102-0.JPG
0,JS-HG102-1.JPG
0,JS-HG102-2.JPG
0,JS-HG102-2S.JPG
0,JS-HG102-2T.JPG
0,JS-HG102.JPG
0,JS-HG103-0.JPG
0,JS-HG103-1.JPG
0,JS-HG103-2.JPG
0,JS-HG103-2S.JPG
0,JS-HG103-2T.JPG
0,JS-HG103.JPG
0,JS-HG103.PSD
0,JS-IQ-X-3000.JPG
0,JS-KD50-0.JPG
0,JS-KD50-1.JPG
0,JS-KD50-2.JPG
0,JS-KD50-2S.JPG
0,JS-KD50-2T.JPG
0,JS-KD50.JPG
0,JS-KD55-0.JPG
0,JS-KD55-1.JPG
0,JS-KD55-2.JPG
0,JS-KD55-2S.JPG
0,JS-KD55-2T.JPG
0,JS-KD55.JPG
0,JS-LIVE-MC-70B.JPG
0,JS-LIVE-MC-77B.JPG
0,JS-MB100-0.JPG
0,JS-MB100-1.JPG
0,JS-MB100-2.JPG
0,JS-MB100-2S.JPG
0,JS-MB100-2T.JPG
0,JS-MB100.JPG
0,JS-MC-40BPRO.JPG
0,JS-MC100-0.JPG
0,JS-MC100-1.JPG
0,JS-MC100-2.JPG
0,JS-MC100-2S.JPG
0,JS-MC100-2T.JPG
0,JS-MC100.JPG
0,JS-MCFB100-0.JPG
0,JS-MCFB100-1.JPG
0,JS-MCFB100-2.JPG
0,JS-MCFB100-2S.JPG
0,JS-MCFB100-2T.JPG
0,JS-MCFB50-0.JPG
0,JS-MCFB50-1.JPG
0,JS-MCFB50-2.JPG
0,JS-MCFB50-2S.JPG
0,JS-MCFB50-2T.JPG
0,JS-MCFB50.JPG
0,JS-MCRB100-0.JPG
0,JS-MCRB100-1.JPG
0,JS-MCRB100-2.JPG
0,JS-MCRB100-2S.JPG
0,JS-MCRB100-2T.JPG
0,JS-MCRB100.JPG
0,JS-MCTB200-0.JPG
0,JS-MCTB200-1.JPG
0,JS-MCTB200-2.JPG
0,JS-MCTB200-2S.JPG
0,JS-MCTB200-2T.JPG
0,JS-MCTB200.JPG
0,JS-MCTB50-0.JPG
0,JS-MCTB50-1.JPG
0,JS-MCTB50-2.JPG
0,JS-MCTB50-2S.JPG
0,JS-MCTB50-2T.JPG
0,JS-MCTB50.JPG
0,JS-MMS1-0.JPG
0,JS-MMS1-1.JPG
0,JS-MMS1-2.JPG
0,JS-MMS1-2S.JPG
0,JS-MMS1-2T.JPG
0,JS-MMS1.JPG
0,JS-MPS1-0.JPG
0,JS-MPS1-1.JPG
0,JS-MPS1-2.JPG
0,JS-MPS1-2S.JPG
0,JS-MPS1-2T.JPG
0,JS-MPS1.JPG
0,JS-MS70-0.JPG
0,JS-MS70-1.JPG
0,JS-MS70-2.JPG
0,JS-MS70-2S.JPG
0,JS-MS70-2T.JPG
0,JS-MS70.JPG
0,JS-PRO-R-SB.JPG
0,JS-SB100-0.JPG
0,JS-SB100-1.JPG
0,JS-SB100-2.JPG
0,JS-SB100-2S.JPG
0,JS-SB100-2T.JPG
0,JS-SB100.JPG
0,JS-TB100-0.JPG
0,JS-TB100-1.JPG
0,JS-TB100-2.JPG
0,JS-TB100-2S.JPG
0,JS-TB100-2T.JPG
0,JS-TB100.JPG
0,JS-TG101-0.JPG
0,JS-TG101-1.JPG
0,JS-TG101-2.JPG
0,JS-TG101-2S.JPG
0,JS-TG101-2T.JPG
0,JS-TG101.JPG
0,JS-TS-70B.JPG
0,JS-TS50-2-0.JPG
0,JS-TS50-2-1.JPG
0,JS-TS50-2-2.JPG
0,JS-TS50-2-2S.JPG
0,JS-TS50-2-2T.JPG
0,JS-TS50-2-3.JPG
0,JS-TS50-2-3S.JPG
0,JS-TS50-2-3T.JPG
0,JS-TS50-2.JPG
0,JS-ULTI-BOOM-PROFB.JPG
0,JS-XB100-B.JPG
0,JS-XS300-0.JPG
0,JS-XS300-1.JPG
0,JS-XS300-2.JPG
0,JS-XS300-2S.JPG
0,JS-XS300-2T.JPG
0,JS-XS300.JPG
0,JAMSTANDS-LOGO_5INCHES.JPG
0,KB-105-0.JPG
0,KB-105-1.JPG
0,KB-105-2.JPG
0,KB-105-2S.JPG
0,KB-105-2T.JPG
0,KB-125-0.JPG
0,KB-125-1.JPG
0,KB-125-2.JPG
0,KB-125-2S.JPG
0,KB-125-2T.JPG
0,KB-125.JPG
0,KB-85.JPG
0,KB-MIX-0.JPG
0,KB-MIX-1.JPG
0,KB-MIX-2.JPG
0,KB-MIX-2S.JPG
0,KB-MIX-2T.JPG
0,KBMBA-0.PNG
0,KBMBA-1.PNG
0,KBMBA-2.PNG
0,KBMBA-2S.PNG
0,KBMBA-2T.PNG
0,KBMBA.PNG
0,KG12BA-0.PNG
0,KG12BA-1.PNG
0,KG12BA-2.PNG
0,KG12BA-2S.PNG
0,KG12BA-2T.PNG
0,KG12BA.PNG
0,KG3-0.PNG
0,KG3-1.PNG
0,KG3-2.PNG
0,KG3-2S.PNG
0,KG3-2T.PNG
0,KG3-3.PNG
0,KG3-3S.PNG
0,KG3-3T.PNG
0,KG3B.PNG
0,KG3GA.PNG
0,KG3SA.PNG
0,KG6ABA_1.PNG
0,KG6BA-0.PNG
0,KG6BA-1.PNG
0,KG6BA-2.PNG
0,KG6BA-2S.PNG
0,KG6BA-2T.PNG
0,KG6BA-3.PNG
0,KG6BA-3S.PNG
0,KG6BA-3T.PNG
0,KG6BA-4.PNG
0,KG6BA-4S.PNG
0,KG6BA-4T.PNG
0,KG6BA-5.PNG
0,KG6BA-5S.PNG
0,KG6BA-5T.PNG
0,KG6BA-6.PNG
0,KG6BA-6S.PNG
0,KG6BA-6T.PNG
0,KG6BA.PNG
0,KG6BCA.PNG
0,KG6CA.PNG
0,KG6EGA.PNG
0,KG6FA.PNG
0,KG6G4VA.PNG
0,KG6GA.PNG
0,KG6KA.PNG
0,KG6LTA.PNG
0,KG6MA.PNG
0,KG6OA.PNG
0,KG6PA.PNG
0,KG6RA.PNG
0,KG6RWA.PNG
0,KG6SA.PNG
0,KG6SNBA.PNG
0,KG6TDA.PNG
0,KG6UA.PNG
0,KG6WA.PNG
0,KGCBA-0.PNG
0,KGCBA-1.PNG
0,KGCBA-2.PNG
0,KGCBA-2S.PNG
0,KGCBA-2T.PNG
0,KGCBA-3.PNG
0,KGCBA-3S.PNG
0,KGCBA-3T.PNG
0,KGCBA.PNG
0,KGCRWA.PNG
0,KGDBA.PNG
0,KGEBA-0.PNG
0,KGEBA-1.PNG
0,KGEBA-2.PNG
0,KGEBA-2S.PNG
0,KGEBA-2T.PNG
0,KGEBA.PNG
0,KGEDBA.PNG
0,KGEF-0.PNG
0,KGEF-1.PNG
0,KGEF-2.PNG
0,KGEF-2S.PNG
0,KGEF-2T.PNG
0,KGEF-3.PNG
0,KGEF-3S.PNG
0,KGEF-3T.PNG
0,KGEF-4.PNG
0,KGEF-4S.PNG
0,KGEF-4T.PNG
0,KGEF-5.PNG
0,KGEF-5S.PNG
0,KGEF-5T.PNG
0,KGEF-6.PNG
0,KGEF-6S.PNG
0,KGEF-6T.PNG
0,KGEFBBA.PNG
0,KGEFSPA.PNG
0,KGEOWA.PNG
0,KGESGA.PNG
0,KIT-JR-0.JPG
0,KIT-JR-1.JPG
0,KIT-JR-2.JPG
0,KIT-JR-2S.JPG
0,KIT-JR-2T.JPG
0,KIT-JR.JPG
0,KM-10010-33.JPG
0,KM-10010-54.JPG
0,KM-10010-55.JPG
0,KM-10010-57.JPG
0,KM-10010-59.JPG
0,KM-10010-65.JPG
0,KM-11960.JPG
0,KM-12241.JPG
0,KM-12242.JPG
0,KM-12243.JPG
0,KM-12244.JPG
0,KM-12246.JPG
0,KM-12247.JPG
0,KM-12272.PSD
0,KM-12273.PSD
0,KM-14100.JPG
0,KM-14100DETAIL.JPG
0,KM-14110.JPG
0,KM-14300.JPG
0,KM-14670-55.JPG
0,KM-15213.JPG
0,KM-15213DETAIL.JPG
0,KM-15228.JPG
0,KM-15228DETAIL.JPG
0,KM-15232.JPG
0,KM-15290.JPG
0,KM-17580-95.JPG
0,KM-17581-55.JPG
0,KM-18962.JPG
0,KM-18962DETAIL.JPG
0,KM-18963.JPG
0,KM-18963DETAIL.JPG
0,KM-19743.JPG
0,KM-19747.JPG
0,KM-19765.JPG
0,KM-19791.JPG
0,KM-20170.JPG
0,KM-21070.JPG
0,KM-21075.JPG
0,KM-21449.JPG
0,KM-25400-55.JPG
0,KM-26010.JPG
0,KM_KOENIGMEYER_LOGO_1C.JPG
0,KPAA-0.JPG
0,KPAA-1.JPG
0,KPAA-2.JPG
0,KPAA-2S.JPG
0,KPAA-2T.JPG
0,KPAA.PNG
0,KPACA-0.PNG
0,KPACA-1.PNG
0,KPACA-2.PNG
0,KPACA-2S.PNG
0,KPACA-2T.PNG
0,KPACA.PNG
0,KR-010-0.JPG
0,KR-010-1.JPG
0,KR-010-2.JPG
0,KR-010-2S.JPG
0,KR-010-2T.JPG
0,KR-010.JPG
0,KS-20-0.JPG
0,KS-20-1.JPG
0,KS-20-2.JPG
0,KS-20-2S.JPG
0,KS-20-2T.JPG
0,KS-20.TIF
0,KULEA-0.PNG
0,KULEA-1.PNG
0,KULEA-2.PNG
0,KULEA-2S.PNG
0,KULEA-2T.PNG
0,KULEA.PNG
0,KXDD02.PSD
0,KYSERLOGOBLACK-01.PNG
0,L1-0.JPG
0,L1-1.JPG
0,L1-2.JPG
0,L1-2S.JPG
0,L1-2T.JPG
0,L1-3.JPG
0,L1-3S.JPG
0,L1-3T.JPG
0,L1-4.JPG
0,L1-4S.JPG
0,L1-4T.JPG
0,L1-5.JPG
0,L1-5S.JPG
0,L1-5T.JPG
0,L1-6.JPG
0,L1-6S.JPG
0,L1-6T.JPG
0,L1-BL.JPG
0,L1-V.JPG
0,L3-0.JPG
0,L3-1.JPG
0,L3-2.JPG
0,L3-2S.JPG
0,L3-2T.JPG
0,L3-3.JPG
0,L3-3S.JPG
0,L3-3T.JPG
0,L3-4.JPG
0,L3-4S.JPG
0,L3-4T.JPG
0,L3-5.JPG
0,L3-5S.JPG
0,L3-5T.JPG
0,L9-0.JPG
0,L9-1.JPG
0,L9-2.JPG
0,L9-2S.JPG
0,L9-2T.JPG
0,L9-3.JPG
0,L9-3S.JPG
0,L9-3T.JPG
0,L9-4.JPG
0,L9-4S.JPG
0,L9-4T.JPG
0,L9-5.JPG
0,L9-5S.JPG
0,L9-5T.JPG
0,LB-0760M-0.JPG
0,LB-0760M-1.JPG
0,LB-0760M-2.JPG
0,LB-0760M-2S.JPG
0,LB-0760M-2T.JPG
0,LB-0760M.JPG
0,LB-100-0.JPG
0,LB-100-1.JPG
0,LB-100-2.JPG
0,LB-100-2S.JPG
0,LB-100-2T.JPG
0,LB-10PH-0.JPG
0,LB-10PH-1.JPG
0,LB-10PH-2.JPG
0,LB-10PH-2S.JPG
0,LB-10PH-2T.JPG
0,LB-10PH.JPG
0,LB-11-0.JPG
0,LB-11-1.JPG
0,LB-11-2.JPG
0,LB-11-2S.JPG
0,LB-11-2T.JPG
0,LB-12-0.JPG
0,LB-12-1.JPG
0,LB-12-2.JPG
0,LB-12-2S.JPG
0,LB-12-2T.JPG
0,LB-15-0.JPG
0,LB-15-1.JPG
0,LB-15-2.JPG
0,LB-15-2S.JPG
0,LB-15-2T.JPG
0,LB-17-0.JPG
0,LB-17-1.JPG
0,LB-17-2.JPG
0,LB-17-2S.JPG
0,LB-17-2T.JPG
0,LB-17.JPG
0,LB-200-0.JPG
0,LB-200-1.JPG
0,LB-200-2.JPG
0,LB-200-2S.JPG
0,LB-200-2T.JPG
0,LB-2001.JPG
0,LB-2001HARD-0.JPG
0,LB-2001HARD-1.JPG
0,LB-2001HARD-2.JPG
0,LB-2001HARD-2S.JPG
0,LB-2001HARD-2T.JPG
0,LB-2001MED-0.JPG
0,LB-2001MED-1.JPG
0,LB-2001MED-2.JPG
0,LB-2001MED-2S.JPG
0,LB-2001MED-2T.JPG
0,LB-2001MED-HA-0.JPG
0,LB-2001MED-HA-1.JPG
0,LB-2001MED-HA-2.JPG
0,LB-2001MED-HA-2S.JPG
0,LB-2001MED-HA-2T.JPG
0,LB-25-0.JPG
0,LB-25-1.JPG
0,LB-25-2.JPG
0,LB-25-2S.JPG
0,LB-25-2T.JPG
0,LB-427-0.JPG
0,LB-427-1.JPG
0,LB-427-2.JPG
0,LB-427-2S.JPG
0,LB-427-2T.JPG
0,LB-427.JPG
0,LB-630.JPG
0,LB-730M-LE-0.JPG
0,LB-730M-LE-1.JPG
0,LB-730M-LE-2.JPG
0,LB-730M-LE-2S.JPG
0,LB-730M-LE-2T.JPG
0,LB-750N-0.JPG
0,LB-750N-1.JPG
0,LB-750N-2.JPG
0,LB-750N-2S.JPG
0,LB-750N-2T.JPG
0,LB-760FHB2-0.JPG
0,LB-760FHB2-1.JPG
0,LB-760FHB2-2.JPG
0,LB-760FHB2-2S.JPG
0,LB-760FHB2-2T.JPG
0,LB-760FL-0.JPG
0,LB-760FL-1.JPG
0,LB-760FL-2.JPG
0,LB-760FL-2S.JPG
0,LB-760FL-2T.JPG
0,LB-760FS-0.JPG
0,LB-760FS-1.JPG
0,LB-760FS-2.JPG
0,LB-760FS-2S.JPG
0,LB-760FS-2T.JPG
0,LB-760T-0.JPG
0,LB-760T-1.JPG
0,LB-760T-2.JPG
0,LB-760T-2S.JPG
0,LB-760T-2T.JPG
0,LB-770L-0.JPG
0,LB-770L-1.JPG
0,LB-770L-2.JPG
0,LB-770L-2S.JPG
0,LB-770L-2T.JPG
0,LB-770L.JPG
0,LB-7710N-0.JPG
0,LB-7710N-1.JPG
0,LB-7710N-2.JPG
0,LB-7710N-2S.JPG
0,LB-7710N-2T.JPG
0,LB-7710N.TIF
0,LB-7GPCL-0.JPG
0,LB-7GPCL-1.JPG
0,LB-7GPCL-2.JPG
0,LB-7GPCL-2S.JPG
0,LB-7GPCL-2T.JPG
0,LB-7GPCL.JPG
0,LB-7GPM-0.JPG
0,LB-7GPM-1.JPG
0,LB-7GPM-2.JPG
0,LB-7GPM-2S.JPG
0,LB-7GPM-2T.JPG
0,LB-7GPS-0.JPG
0,LB-7GPS-1.JPG
0,LB-7GPS-2.JPG
0,LB-7GPS-2S.JPG
0,LB-7GPS-2T.JPG
0,LB-830-0.JPG
0,LB-830-1.JPG
0,LB-830-2.JPG
0,LB-830-2S.JPG
0,LB-830-2T.JPG
0,LB-830.JPG
0,LB-900B-0.JPG
0,LB-900B-1.JPG
0,LB-900B-2.JPG
0,LB-900B-2S.JPG
0,LB-900B-2T.JPG
0,LB-C80-0.JPG
0,LB-C80-1.JPG
0,LB-C80-2.JPG
0,LB-C80-2S.JPG
0,LB-C80-2T.JPG
0,LB-HRS-L-0.JPG
0,LB-HRS-L-1.JPG
0,LB-HRS-L-2.JPG
0,LB-HRS-L-2S.JPG
0,LB-HRS-L-2T.JPG
0,LB-HRS-R-0.JPG
0,LB-HRS-R-1.JPG
0,LB-HRS-R-2.JPG
0,LB-HRS-R-2S.JPG
0,LB-HRS-R-2T.JPG
0,LB-HRS-XL-0.JPG
0,LB-HRS-XL-1.JPG
0,LB-HRS-XL-2.JPG
0,LB-HRS-XL-2S.JPG
0,LB-HRS-XL-2T.JPG
0,LB-HRS-XL.JPG
0,LB-RQ80-0.JPG
0,LB-RQ80-1.JPG
0,LB-RQ80-2.JPG
0,LB-RQ80-2S.JPG
0,LB-RQ80-2T.JPG
0,LB-RQ80.JPG
0,LB-RX-N4A-0.JPG
0,LB-RX-N4A-1.JPG
0,LB-RX-N4A-2.JPG
0,LB-RX-N4A-2S.JPG
0,LB-RX-N4A-2T.JPG
0,LB-RX-N4A.JPG
0,LB-RX-N4D-0.JPG
0,LB-RX-N4D-1.JPG
0,LB-RX-N4D-2.JPG
0,LB-RX-N4D-2S.JPG
0,LB-RX-N4D-2T.JPG
0,LB-RX-N5D-0.JPG
0,LB-RX-N5D-1.JPG
0,LB-RX-N5D-2.JPG
0,LB-RX-N5D-2S.JPG
0,LB-RX-N5D-2T.JPG
0,LIG-C-0.JPG
0,LIG-C-1.JPG
0,LIG-C-2.JPG
0,LIG-C-2S.JPG
0,LIG-C-2T.JPG
0,LM-1-0.JPG
0,LM-1-1.JPG
0,LM-1-2.JPG
0,LM-1-2S.JPG
0,LM-1-2T.JPG
0,LM-1.TIF
0,LM-2-0.JPG
0,LM-2-1.JPG
0,LM-2-2.JPG
0,LM-2-2S.JPG
0,LM-2-2T.JPG
0,LM-2.TIF
0,LM-3-0.JPG
0,LM-3-1.JPG
0,LM-3-2.JPG
0,LM-3-2S.JPG
0,LM-3-2T.JPG
0,LM-3.PSD
0,LM-4-0.JPG
0,LM-4-1.JPG
0,LM-4-2.JPG
0,LM-4-2S.JPG
0,LM-4-2T.JPG
0,LM-4.PSD
0,LMV-1 SIDE.PSD
0,LMV-1-0.JPG
0,LMV-1-1.JPG
0,LMV-1-2.JPG
0,LMV-1-2S.JPG
0,LMV-1-2T.JPG
0,LMV-1-3.JPG
0,LMV-1-3S.JPG
0,LMV-1-3T.JPG
0,LMV-1.PSD
0,LN1263.JPG
0,LP-ACDC1-0.JPG
0,LP-ACDC1-1.JPG
0,LP-ACDC1-2.JPG
0,LP-ACDC1-2S.JPG
0,LP-ACDC1-2T.JPG
0,LP-ACDC4-0.JPG
0,LP-ACDC4-1.JPG
0,LP-ACDC4-2.JPG
0,LP-ACDC4-2S.JPG
0,LP-ACDC4-2T.JPG
0,LP-DB1-0.JPG
0,LP-DB1-1.JPG
0,LP-DB1-2.JPG
0,LP-DB1-2S.JPG
0,LP-DB1-2T.JPG
0,LP-DB2-0.JPG
0,LP-DB2-1.JPG
0,LP-DB2-2.JPG
0,LP-DB2-2S.JPG
0,LP-DB2-2T.JPG
0,LP-EP4-0.JPG
0,LP-EP4-1.JPG
0,LP-EP4-2.JPG
0,LP-EP4-2S.JPG
0,LP-EP4-2T.JPG
0,LP-GNR1-0.JPG
0,LP-GNR1-1.JPG
0,LP-GNR1-2.JPG
0,LP-GNR1-2S.JPG
0,LP-GNR1-2T.JPG
0,LP-GNR1-3.JPG
0,LP-GNR1-3S.JPG
0,LP-GNR1-3T.JPG
0,LP-GNR2-0.JPG
0,LP-GNR2-1.JPG
0,LP-GNR2-2.JPG
0,LP-GNR2-2S.JPG
0,LP-GNR2-2T.JPG
0,LP-INM1-0.JPG
0,LP-INM1-1.JPG
0,LP-INM1-2.JPG
0,LP-INM1-2S.JPG
0,LP-INM1-2T.JPG
0,LP-INM2-0.JPG
0,LP-INM2-1.JPG
0,LP-INM2-2.JPG
0,LP-INM2-2S.JPG
0,LP-INM2-2T.JPG
0,LP-KISS1-0.JPG
0,LP-KISS1-1.JPG
0,LP-KISS1-2.JPG
0,LP-KISS1-2S.JPG
0,LP-KISS1-2T.JPG
0,LP-KISS2-0.JPG
0,LP-KISS2-1.JPG
0,LP-KISS2-2.JPG
0,LP-KISS2-2S.JPG
0,LP-KISS2-2T.JPG
0,LP-MC2-0.JPG
0,LP-MC2-1.JPG
0,LP-MC2-2.JPG
0,LP-MC2-2S.JPG
0,LP-MC2-2T.JPG
0,LP-PF1-0.JPG
0,LP-PF1-1.JPG
0,LP-PF1-2.JPG
0,LP-PF1-2S.JPG
0,LP-PF1-2T.JPG
0,LP-PF2-0.JPG
0,LP-PF2-1.JPG
0,LP-PF2-2.JPG
0,LP-PF2-2S.JPG
0,LP-PF2-2T.JPG
0,LP-RUSH1-0.JPG
0,LP-RUSH1-1.JPG
0,LP-RUSH1-2.JPG
0,LP-RUSH1-2S.JPG
0,LP-RUSH1-2T.JPG
0,LP-RUSH2-0.JPG
0,LP-RUSH2-1.JPG
0,LP-RUSH2-2.JPG
0,LP-RUSH2-2S.JPG
0,LP-RUSH2-2T.JPG
0,LP-TB1-0.JPG
0,LP-TB1-1.JPG
0,LP-TB1-2.JPG
0,LP-TB1-2S.JPG
0,LP-TB1-2T.JPG
0,LP-TB2-0.JPG
0,LP-TB2-1.JPG
0,LP-TB2-2.JPG
0,LP-TB2-2S.JPG
0,LP-TB2-2T.JPG
0,LP-TB3-0.JPG
0,LP-TB3-1.JPG
0,LP-TB3-2.JPG
0,LP-TB3-2S.JPG
0,LP-TB3-2T.JPG
0,LP-TB4-0.JPG
0,LP-TB4-1.JPG
0,LP-TB4-2.JPG
0,LP-TB4-2S.JPG
0,LP-TB4-2T.JPG
0,LP-TB5-0.JPG
0,LP-TB5-1.JPG
0,LP-TB5-2.JPG
0,LP-TB5-2S.JPG
0,LP-TB5-2T.JPG
0,LPCP-8318_ROLL_PHOTOSHOPVERSION.JPG.WEBP
0,LPCP-8319.JPG.WEBP
0,LPH-0.JPG
0,LPH-1.JPG
0,LPH-2.JPG
0,LPH-2S.JPG
0,LPH-2T.JPG
0,LPH.JPG
0,LPM_GNR1_FRONTPACKAGE.JPG
0,LPM_GNR2_FRONTPACKAGE.JPG
0,LPM_MC1_FRONTPACKAGE.JPG
0,LPM_MC2_FRONTPACKAGE.JPG
0,LPM_RUSH1_FRONTPACKAGE.JPG
0,LP_HW1_HALLOWEEN_GUITARPICKS_PRINT-6.JPG
0,LS-009-0.JPG
0,LS-009-1.JPG
0,LS-009-2.JPG
0,LS-009-2S.JPG
0,LS-009-2T.JPG
0,LS-009.PSD
0,LT-11A.PNG
0,M-1-0.JPG
0,M-1-1.JPG
0,M-1-2.JPG
0,M-1-2S.JPG
0,M-1-2T.JPG
0,M-1-3.JPG
0,M-1-3S.JPG
0,M-1-3T.JPG
0,M-1.TIF
0,M-1000 BACK.PSD
0,M-1000 NECK.PSD
0,M-1000-0.JPG
0,M-1000-1.JPG
0,M-1000-2.JPG
0,M-1000-2S.JPG
0,M-1000-2T.JPG
0,M-1000.PSD
0,M-1RD.TIF
0,M-2-0.JPG
0,M-2-1.JPG
0,M-2-2.JPG
0,M-2-2S.JPG
0,M-2-2T.JPG
0,M-2-3.JPG
0,M-2-3S.JPG
0,M-2-3T.JPG
0,M-201-0.JPG
0,M-201-1.JPG
0,M-201-2.JPG
0,M-201-2S.JPG
0,M-201-2T.JPG
0,M-201.PSD
0,M-2RDS.TIF
0,M-5-0.JPG
0,M-5-1.JPG
0,M-5-2.JPG
0,M-5-2S.JPG
0,M-5-2T.JPG
0,M-5.TIF
0,M-TS.JPG
0,M160.PNG
0,M400.PNG
0,M600.PNG
0,MA-009-0.JPG
0,MA-009-1.JPG
0,MA-009-2.JPG
0,MA-009-2S.JPG
0,MA-009-2T.JPG
0,MA-009.PSD
0,MA170-0.JPG
0,MA170-1.JPG
0,MA170-2.JPG
0,MA170-2S.JPG
0,MA170-2T.JPG
0,MA170.PNG
0,MA1705.PNG
0,MAN-1-0.JPG
0,MAN-1-1.JPG
0,MAN-1-2.JPG
0,MAN-1-2S.JPG
0,MAN-1-2T.JPG
0,MAN-1.TIF
0,MB-1-0.JPG
0,MB-1-1.JPG
0,MB-1-2.JPG
0,MB-1-2S.JPG
0,MB-1-2T.JPG
0,MB-1.PSD
0,MB-2-0.JPG
0,MB-2-1.JPG
0,MB-2-2.JPG
0,MB-2-2S.JPG
0,MB-2-2T.JPG
0,MB-2.PSD
0,MB-35-0.JPG
0,MB-35-1.JPG
0,MB-35-2.JPG
0,MB-35-2S.JPG
0,MB-35-2T.JPG
0,MB-35.JPG
0,MB-37372B-0.JPG
0,MB-37372B-1.JPG
0,MB-37372B-2.JPG
0,MB-37372B-2S.JPG
0,MB-37372B-2T.JPG
0,MB-37372B.JPG
0,MB-47830-0.JPG
0,MB-47830-1.JPG
0,MB-47830-2.JPG
0,MB-47830-2S.JPG
0,MB-47830-2T.JPG
0,MB-47830.JPG
0,MB-53510-0.JPG
0,MB-53510-1.JPG
0,MB-53510-2.JPG
0,MB-53510-2S.JPG
0,MB-53510-2T.JPG
0,MB-53510.TIF
0,MB-54810-0.JPG
0,MB-54810-1.JPG
0,MB-54810-2.JPG
0,MB-54810-2S.JPG
0,MB-54810-2T.JPG
0,MB-54810.PSD
0,MB-54910-0.JPG
0,MB-54910-1.JPG
0,MB-54910-2.JPG
0,MB-54910-2S.JPG
0,MB-54910-2T.JPG
0,MB-54910.PSD
0,MB-57510-0.JPG
0,MB-57510-1.JPG
0,MB-57510-2.JPG
0,MB-57510-2S.JPG
0,MB-57510-2T.JPG
0,MB-57510.JPG
0,MB-57810-0.JPG
0,MB-57810-1.JPG
0,MB-57810-2.JPG
0,MB-57810-2S.JPG
0,MB-57810-2T.JPG
0,MB-57810.JPG
0,MB-57920-0.JPG
0,MB-57920-1.JPG
0,MB-57920-2.JPG
0,MB-57920-2S.JPG
0,MB-57920-2T.JPG
0,MB-57920.JPG
0,MBDJ.JPG
0,MC1-0.JPG
0,MC1-1.JPG
0,MC1-2.JPG
0,MC1-2S.JPG
0,MC1-2T.JPG
0,MC1.JPG
0,MC101-0.JPG
0,MC101-1.JPG
0,MC101-2.JPG
0,MC101-2S.JPG
0,MC101-2T.JPG
0,MC101.PSD
0,MC125-0.JPG
0,MC125-1.JPG
0,MC125-2.JPG
0,MC125-2S.JPG
0,MC125-2T.JPG
0,MC125.JPG
0,MC2-0.JPG
0,MC2-1.JPG
0,MC2-2.JPG
0,MC2-2S.JPG
0,MC2-2T.JPG
0,MC2.JPG
0,MC3-0.JPG
0,MC3-1.JPG
0,MC3-2.JPG
0,MC3-2S.JPG
0,MC3-2T.JPG
0,MC3.JPG
0,MC4-0.JPG
0,MC4-1.JPG
0,MC4-2.JPG
0,MC4-2S.JPG
0,MC4-2T.JPG
0,MC5-0.JPG
0,MC5-1.JPG
0,MC5-2.JPG
0,MC5-2S.JPG
0,MC5-2T.JPG
0,MC5.JPG
0,MD-501-0.JPG
0,MD-501-1.JPG
0,MD-501-2.JPG
0,MD-501-2S.JPG
0,MD-501-2T.JPG
0,MD-501.JPG
0,MD128E-0.JPG
0,MD128E-1.JPG
0,MD128E-2.JPG
0,MD128E-2S.JPG
0,MD128E-2T.JPG
0,MD128E.JPG
0,MD129E-0.JPG
0,MD129E-1.JPG
0,MD129E-2.JPG
0,MD129E-2S.JPG
0,MD129E-2T.JPG
0,MD129E.MAIN.JPG
0,MD129E.JPG
0,MFHK-0.JPG
0,MFHK-1.JPG
0,MFHK-2.JPG
0,MFHK-2S.JPG
0,MFHK-2T.JPG
0,MFHK.JPG
0,MIN-L-0.JPG
0,MIN-L-1.JPG
0,MIN-L-2.JPG
0,MIN-L-2S.JPG
0,MIN-L-2T.JPG
0,MINICONGA-0.JPG
0,MINICONGA-1.JPG
0,MINICONGA-2.JPG
0,MINICONGA-2S.JPG
0,MINICONGA-2T.JPG
0,MK962-0.JPG
0,MK962-1.JPG
0,MK962-2.JPG
0,MK962-2S.JPG
0,MK962-2T.JPG
0,MK962.TIF
0,MKH-FL-0.JPG
0,MKH-FL-1.JPG
0,MKH-FL-2.JPG
0,MKH-FL-2S.JPG
0,MKH-FL-2T.JPG
0,MKH-SX-0.JPG
0,MKH-SX-1.JPG
0,MKH-SX-2.JPG
0,MKH-SX-2S.JPG
0,MKH-SX-2T.JPG
0,MKH-TB-0.JPG
0,MKH-TB-1.JPG
0,MKH-TB-2.JPG
0,MKH-TB-2S.JPG
0,MKH-TB-2T.JPG
0,MKH-TR-0.JPG
0,MKH-TR-1.JPG
0,MKH-TR-2.JPG
0,MKH-TR-2S.JPG
0,MKH-TR-2T.JPG
0,MKH-VI-0.JPG
0,MKH-VI-1.JPG
0,MKH-VI-2.JPG
0,MKH-VI-2S.JPG
0,MKH-VI-2T.JPG
0,MKH-WC-0.JPG
0,MKH-WC-1.JPG
0,MKH-WC-2.JPG
0,MKH-WC-2S.JPG
0,MKH-WC-2T.JPG
0,MLS.PSD
0,MM-1021.JPG
0,MM-1022.JPG
0,MM-1040.JPG
0,MM-1041.JPG
0,MM1.PSD
0,MM10.PNG
0,MM13.JPG
0,MM14.JPG
0,MM15.JPG
0,MM2.JPG
0,MM3.JPG
0,MP-12.PSD
0,MP01-0.JPG
0,MP01-1.JPG
0,MP01-2.JPG
0,MP01-2S.JPG
0,MP01-2T.JPG
0,MP02-0.JPG
0,MP02-1.JPG
0,MP02-2.JPG
0,MP02-2S.JPG
0,MP02-2T.JPG
0,MP03-0.JPG
0,MP03-1.JPG
0,MP03-2.JPG
0,MP03-2S.JPG
0,MP03-2T.JPG
0,MP07-0.JPG
0,MP07-1.JPG
0,MP07-2.JPG
0,MP07-2S.JPG
0,MP07-2T.JPG
0,MPC-240-3-0.JPG
0,MPC-240-3-1.JPG
0,MPC-240-3-2.JPG
0,MPC-240-3-2S.JPG
0,MPC-240-3-2T.JPG
0,MPC-240.JPG
0,MPC-242.JPG
0,MPC-282-0.JPG
0,MPC-282-1.JPG
0,MPC-282-2.JPG
0,MPC-282-2S.JPG
0,MPC-282-2T.JPG
0,MPK-1-0.JPG
0,MPK-1-1.JPG
0,MPK-1-2.JPG
0,MPK-1-2S.JPG
0,MPK-1-2T.JPG
0,MPK-1.PSD
0,MPK-2-0.JPG
0,MPK-2-1.JPG
0,MPK-2-2.JPG
0,MPK-2-2S.JPG
0,MPK-2-2T.JPG
0,MPK-2.EPS
0,MPK-3-0.JPG
0,MPK-3-1.JPG
0,MPK-3-2.JPG
0,MPK-3-2S.JPG
0,MPK-3-2T.JPG
0,MPK-3.EPS
0,MPK-4-0.JPG
0,MPK-4-1.JPG
0,MPK-4-2.JPG
0,MPK-4-2S.JPG
0,MPK-4-2T.JPG
0,MPK-4.EPS
0,MPK-5-0.JPG
0,MPK-5-1.JPG
0,MPK-5-2.JPG
0,MPK-5-2S.JPG
0,MPK-5-2T.JPG
0,MPK-5.EPS
0,MPK-6-0.JPG
0,MPK-6-1.JPG
0,MPK-6-2.JPG
0,MPK-6-2S.JPG
0,MPK-6-2T.JPG
0,MPK-6.EPS
0,MS-100 COLORS.TIF
0,MS-100B-0.JPG
0,MS-100B-1.JPG
0,MS-100B-2.JPG
0,MS-100B-2S.JPG
0,MS-100B-2T.JPG
0,MS-100B-3.JPG
0,MS-100B-3S.JPG
0,MS-100B-3T.JPG
0,MS-100B_1.TIF
0,MS-24-0.JPG
0,MS-24-1.JPG
0,MS-24-2.JPG
0,MS-24-2S.JPG
0,MS-24-2T.JPG
0,MS-24.JPG
0,MS-CC-0.JPG
0,MS-CC-1.JPG
0,MS-CC-2.JPG
0,MS-CC-2S.JPG
0,MS-CC-2T.JPG
0,MS-CC.JPG
0,MS-FH.JPG
0,MS-FL-0.JPG
0,MS-FL-1.JPG
0,MS-FL-2.JPG
0,MS-FL-2S.JPG
0,MS-FL-2T.JPG
0,MS-FL.JPG
0,MS-LB.JPG
0,MS-SX.JPG
0,MS-TB-0.JPG
0,MS-TB-1.JPG
0,MS-TB-2.JPG
0,MS-TB-2S.JPG
0,MS-TB-2T.JPG
0,MS-TB.JPG
0,MS-TB.PSD
0,MS-TR-0.JPG
0,MS-TR-1.JPG
0,MS-TR-2.JPG
0,MS-TR-2S.JPG
0,MS-TR-2T.JPG
0,MS-TR.JPG
0,MS-WC-0.JPG
0,MS-WC-1.JPG
0,MS-WC-2.JPG
0,MS-WC-2S.JPG
0,MS-WC-2T.JPG
0,MSTH.JPG
0,MT-VS-0.JPG
0,MT-VS-1.JPG
0,MT-VS-2.JPG
0,MT-VS-2S.JPG
0,MT-VS-2T.JPG
0,MT-VS.EPS
0,MTBK-0.JPG
0,MTBK-1.JPG
0,MTBK-2.JPG
0,MTBK-2S.JPG
0,MTBK-2T.JPG
0,MTBK.JPG
0,MTPK-0.JPG
0,MTPK-1.JPG
0,MTPK-2.JPG
0,MTPK-2S.JPG
0,MTPK-2T.JPG
0,MTPK.JPG
0,MUTE8P 2.TIF
0,MUTE8P.PSD
0,MV-1-0.JPG
0,MV-1-1.JPG
0,MV-1-2.JPG
0,MV-1-2S.JPG
0,MV-1-2T.JPG
0,MYHM-EX-2S.JPG
0,MADE IN CANADA 1.AI
0,MADE IN CANADA 1_1.EPS
0,MAXGRIP_JAZZIII_001.SIZED.TIF
0,MAXGRIP_JAZZIII_CARBON FIBER.TIF
0,MIGHTYBRIGHT_LOGO.EPS
0,N-10.PNG
0,NDS-1034.JPG
0,NDS-1035.JPG
0,NDS-1070.JPG
0,NDS-1380.JPG
0,NDS-45.JPG
0,NDS-46.JPG
0,NDS-6011.JPG
0,NDS-6012.JPG
0,NDS-6013.JPG
0,NDS-6083.JPG
0,NDS-6084.JPG
0,NDS-6103.JPG
0,NDS-6104.JPG
0,NDS-6105.JPG
0,NDS-6108.JPG
0,NDS-8014.JPG
0,NDS-8030.JPG
0,NDS-8031.JPG
0,NDS-8050.JPG
0,NDS-8088.JPG
0,NDS-8089.JPG
0,NDS-8090.JPG
0,NDS-8092.JPG
0,NDS-8262.JPG
0,NDS-8263.JPG
0,NDS-8303.JPG
0,NDS-8305.JPG
0,NDS-8318.JPG
0,NDS-8319.JPG
0,NECK-0.JPG
0,NECK-1.JPG
0,NECK-1.PSD
0,NECK-2.JPG
0,NECK-2.TIF
0,NECK-2S.JPG
0,NECK-2T.JPG
0,NECK-3.JPG
0,NECK-3S.JPG
0,NECK-3T.JPG
0,NECK-4.JPG
0,NECK-4.TIF
0,NECK-4S.JPG
0,NECK-4T.JPG
0,NS-0.JPG
0,NS-1.JPG
0,NS-10.JPG
0,NS-10S.JPG
0,NS-10T.JPG
0,NS-11.JPG
0,NS-11S.JPG
0,NS-11T.JPG
0,NS-12.JPG
0,NS-12S.JPG
0,NS-12T.JPG
0,NS-13.JPG
0,NS-13S.JPG
0,NS-13T.JPG
0,NS-2.JPG
0,NS-2S.JPG
0,NS-2T.JPG
0,NS-3.JPG
0,NS-3S.JPG
0,NS-3T.JPG
0,NS-4.JPG
0,NS-4S.JPG
0,NS-4T.JPG
0,NS-5.JPG
0,NS-591.JPG
0,NS-5S.JPG
0,NS-5T.JPG
0,NS-6.JPG
0,NS-6S.JPG
0,NS-6T.JPG
0,NS-7.JPG
0,NS-702.JPG
0,NS-7S.JPG
0,NS-7T.JPG
0,NS-8.JPG
0,NS-8S.JPG
0,NS-8T.JPG
0,NS-9.JPG
0,NS-98.JPG
0,NS-9S.JPG
0,NS-9T.JPG
0,NS-CL-0.JPG
0,NS-CL-1.JPG
0,NS-CL-2.JPG
0,NS-CL-2S.JPG
0,NS-CL-2T.JPG
0,NS-CL.EPS
0,NS-POLICE-0.JPG
0,NS-POLICE-1.JPG
0,NS-POLICE-2.JPG
0,NS-POLICE-2S.JPG
0,NS-POLICE-2T.JPG
0,NS-POLICE.JPG
0,NS-WOV-0.JPG
0,NS-WOV-1.JPG
0,NS-WOV-2.JPG
0,NS-WOV-2079.JPG
0,NS-WOV-285.JPG
0,NS-WOV-286.JPG
0,NS-WOV-287.JPG
0,NS-WOV-288.JPG
0,NS-WOV-289.JPG
0,NS-WOV-2S.JPG
0,NS-WOV-2T.JPG
0,NS-WOV-3.JPG
0,NS-WOV-3S.JPG
0,NS-WOV-3T.JPG
0,NS-WOV-4.JPG
0,NS-WOV-4S.JPG
0,NS-WOV-4T.JPG
0,NS-WOV-5.JPG
0,NS-WOV-5S.JPG
0,NS-WOV-5T.JPG
0,NS-WOV-6.JPG
0,NS-WOV-6S.JPG
0,NS-WOV-6T.JPG
0,NS-WOV-7.JPG
0,NS-WOV-7S.JPG
0,NS-WOV-7T.JPG
0,NS_SWATCHES_ROW1.PSD
0,NS_SWATCHES_ROW2.PSD
0,NS_SWATCHES_ROW3.PSD
0,NY-111-0.JPG
0,NY-111-1.JPG
0,NY-111-2.JPG
0,NY-111-2S.JPG
0,NY-111-2T.JPG
0,NY-111MP-B.TIF
0,NY-200-12-0.JPG
0,NY-200-12-1.JPG
0,NY-200-12-2.JPG
0,NY-200-12-2S.JPG
0,NY-200-12-2T.JPG
0,NY-200-12N.PSD
0,NY-23L-0.JPG
0,NY-23L-1.JPG
0,NY-23L-2.JPG
0,NY-23L-2S.JPG
0,NY-23L-2T.JPG
0,NY-9303-0.JPG
0,NY-9303-1.JPG
0,NY-9303-2.JPG
0,NY-9303-2S.JPG
0,NY-9303-2T.JPG
0,NY-9303R.TIF
0,NY-9330-0.JPG
0,NY-9330-1.JPG
0,NY-9330-2.JPG
0,NY-9330-2S.JPG
0,NY-9330-2T.JPG
0,NY-9401-0.JPG
0,NY-9401-1.JPG
0,NY-9401-2.JPG
0,NY-9401-2S.JPG
0,NY-9401-2T.JPG
0,NY-9401SB.TIF
0,NY-9703-0.JPG
0,NY-9703-1.JPG
0,NY-9703-2.JPG
0,NY-9703-2S.JPG
0,NY-9703-2T.JPG
0,NY-970EQ.TIF
0,NY-970EQ1-2S.JPG
0,NY-970EQN-0.JPG
0,NY-970EQN-1.JPG
0,NY-970EQN-2.JPG
0,NY-970EQN-2S.JPG
0,NY-970EQN-2T.JPG
0,OB-1-0.JPG
0,OB-1-1.JPG
0,OB-1-2.JPG
0,OB-1-2S.JPG
0,OB-1-2T.JPG
0,OB-1.TIF
0,OB-FDL-0.JPG
0,OB-FDL-1.JPG
0,OB-FDL-2.JPG
0,OB-FDL-2S.JPG
0,OB-FDL-2T.JPG
0,OBC-G-0.JPG
0,OBC-G-1.JPG
0,OBC-G-2.JPG
0,OBC-G-2S.JPG
0,OBC-G-2T.JPG
0,OBC-G.PSD
0,OBC-GP-0.JPG
0,OBC-GP-1.JPG
0,OBC-GP-2.JPG
0,OBC-GP-2S.JPG
0,OBC-GP-2T.JPG
0,OBC-GP.PSD
0,OBC-S-0.JPG
0,OBC-S-1.JPG
0,OBC-S-2.JPG
0,OBC-S-2S.JPG
0,OBC-S-2T.JPG
0,OBC-S.PSD
0,OBV-0.JPG
0,OBV-1.JPG
0,OBV-2.JPG
0,OBV-2S.JPG
0,OBV-2T.JPG
0,OBV-4_4.JPG
0,OBV-G-0.JPG
0,OBV-G-1.JPG
0,OBV-G-2.JPG
0,OBV-G-2S.JPG
0,OBV-G-2T.JPG
0,OBV-G.PSD
0,OBV-GP-0.JPG
0,OBV-GP-1.JPG
0,OBV-GP-2.JPG
0,OBV-GP-2S.JPG
0,OBV-GP-2T.JPG
0,OL OUTLAW.PSD
0,OL-1-0.JPG
0,OL-1-1.JPG
0,OL-1-2.JPG
0,OL-1-2S.JPG
0,OL-1-2T.JPG
0,OR-0.JPG
0,OR-1.JPG
0,OR-2.JPG
0,OR-2S.JPG
0,OR-2T.JPG
0,OR-A-0.JPG
0,OR-A-1.JPG
0,OR-A-2.JPG
0,OR-A-2S.JPG
0,OR-A-2T.JPG
0,OR-A15.PSD
0,OR-B-0.JPG
0,OR-B-1.JPG
0,OR-B-2.JPG
0,OR-B-2S.JPG
0,OR-B-2T.JPG
0,OR-B.JPG
0,OR-C-0.JPG
0,OR-C-1.JPG
0,OR-C-2.JPG
0,OR-C-2S.JPG
0,OR-C-2T.JPG
0,OR-C15.PSD
0,OR-S-0.JPG
0,OR-S-1.JPG
0,OR-S-2.JPG
0,OR-S-2S.JPG
0,OR-S-2T.JPG
0,OR-T-0.JPG
0,OR-T-1.JPG
0,OR-T-2.JPG
0,OR-T-2S.JPG
0,OR-T-2T.JPG
0,OR-T1.PSD
0,OV-1-0.JPG
0,OV-1-1.JPG
0,OV-1-2.JPG
0,OV-1-2S.JPG
0,OV-1-2T.JPG
0,OV-75-0.JPG
0,OV-75-1.JPG
0,OV-75-2.JPG
0,OV-75-2S.JPG
0,OV-75-2T.JPG
0,OV-75.PSD
0,OVB-1-0.JPG
0,OVB-1-1.JPG
0,OVB-1-2.JPG
0,OVB-1-2S.JPG
0,OVB-1-2T.JPG
0,OVB-1.PSD
0,OVS-0.JPG
0,OVS-1.JPG
0,OVS-2.JPG
0,OVS-2S.JPG
0,OVS-2T.JPG
0,OVS-P-0.JPG
0,OVS-P-1.JPG
0,OVS-P-2.JPG
0,OVS-P-2S.JPG
0,OVS-P-2T.JPG
0,OVS.AI
0,P-140-0.JPG
0,P-140-1.JPG
0,P-140-2.JPG
0,P-140-2S.JPG
0,P-140-2T.JPG
0,P-140.PSD
0,P-142-0.JPG
0,P-142-1.JPG
0,P-142-2.JPG
0,P-142-2S.JPG
0,P-142-2T.JPG
0,P-3000 BOX.JPG
0,P-3000-0.JPG
0,P-3000-1.JPG
0,P-3000-2.JPG
0,P-3000-2S.JPG
0,P-3000-2T.JPG
0,P-3000.JPG
0,P-5000-0.JPG
0,P-5000-1.JPG
0,P-5000-2.JPG
0,P-5000-2S.JPG
0,P-5000-2T.JPG
0,P-7000 BOX.JPG
0,P-7000 COLORS.JPG
0,P-7000-0.JPG
0,P-7000-1.JPG
0,P-7000-2.JPG
0,P-7000-2S.JPG
0,P-7000-2T.JPG
0,P-7000-3.JPG
0,P-7000-3S.JPG
0,P-7000-3T.JPG
0,P-7000-4.JPG
0,P-7000-4S.JPG
0,P-7000-4T.JPG
0,P-7000.JPG
0,P-AS-0.JPG
0,P-AS-1.JPG
0,P-AS-2.JPG
0,P-AS-2S.JPG
0,P-AS-2T.JPG
0,P-AS-AB.PSD
0,P-AS-BN.PSD
0,P-AS-SL.PSD
0,P-TS-0.JPG
0,P-TS-1.JPG
0,P-TS-2.JPG
0,P-TS-2S.JPG
0,P-TS-2T.JPG
0,P-TS-AB.PSD
0,P65DC4.JPG
0,PA-4080-0.JPG
0,PA-4080-1.JPG
0,PA-4080-2.JPG
0,PA-4080-2S.JPG
0,PA-4080-2T.JPG
0,PA-4080.TIF
0,PAA-0.JPG
0,PAA-1.JPG
0,PAA-2.JPG
0,PAA-2S.JPG
0,PAA-2T.JPG
0,PAA.JPG
0,PAAA-0.JPG
0,PAAA-1.JPG
0,PAAA-2.JPG
0,PAAA-2S.JPG
0,PAAA-2T.JPG
0,PAAA.JPG
0,PB-BOW N.TIF
0,PB-BOW S.TIF
0,PB-BOW-N-0.JPG
0,PB-BOW-N-1.JPG
0,PB-BOW-N-2.JPG
0,PB-BOW-N-2S.JPG
0,PB-BOW-N-2T.JPG
0,PB-BOW-S-0.JPG
0,PB-BOW-S-1.JPG
0,PB-BOW-S-2.JPG
0,PB-BOW-S-2S.JPG
0,PB-BOW-S-2T.JPG
0,PB-C-0.JPG
0,PB-C-1.JPG
0,PB-C-2.JPG
0,PB-C-2S.JPG
0,PB-C-2T.JPG
0,PB-C.TIF
0,PB-FDL-0.JPG
0,PB-FDL-1.JPG
0,PB-FDL-2.JPG
0,PB-FDL-2S.JPG
0,PB-FDL-2T.JPG
0,PB-FDL.PSD
0,PB-V.TIF
0,PB-VN-0.JPG
0,PB-VN-1.JPG
0,PB-VN-2.JPG
0,PB-VN-2S.JPG
0,PB-VN-2T.JPG
0,PC-0.JPG
0,PC-1.JPG
0,PC-2.JPG
0,PC-2S.JPG
0,PC-2T.JPG
0,PCLAVH.JPG
0,PDS3PK.JPG
0,PF-08-0.JPG
0,PF-08-1.JPG
0,PF-08-2.JPG
0,PF-08-2S.JPG
0,PF-08-2T.JPG
0,PF-08-3.JPG
0,PF-08-3S.JPG
0,PF-08-3T.JPG
0,PF-08.JPG
0,PG-B-0.JPG
0,PG-B-1.JPG
0,PG-B-2.JPG
0,PG-B-2S.JPG
0,PG-B-2T.JPG
0,PG-B.TIF
0,PGCB-0.JPG
0,PGCB-1.JPG
0,PGCB-2.JPG
0,PGCB-2S.JPG
0,PGCB-2T.JPG
0,PGCB.TIF
0,PGVF-0.JPG
0,PGVF-1.JPG
0,PGVF-2.JPG
0,PGVF-2S.JPG
0,PGVF-2T.JPG
0,PGVF-V-0.JPG
0,PGVF-V-1.JPG
0,PGVF-V-2.JPG
0,PGVF-V-2S.JPG
0,PGVF-V-2T.JPG
0,PGVF-V.TIF
0,PGVF.TIF
0,PGVFB-0.JPG
0,PGVFB-1.JPG
0,PGVFB-2.JPG
0,PGVFB-2S.JPG
0,PGVFB-2T.JPG
0,PGVHB-0.JPG
0,PGVHB-1.JPG
0,PGVHB-2.JPG
0,PGVHB-2S.JPG
0,PGVHB-2T.JPG
0,PGVHB.PSD
0,PGVHBP-0.JPG
0,PGVHBP-1.JPG
0,PGVHBP-2.JPG
0,PGVHBP-2S.JPG
0,PGVHBP-2T.JPG
0,PGVHBP.JPG
0,PGVHBR-0.JPG
0,PGVHBR-1.JPG
0,PGVHBR-2.JPG
0,PGVHBR-2S.JPG
0,PGVHBR-2T.JPG
0,PGVHBR.PSD
0,PGVIB EYE.PSD
0,PGVIB-0.JPG
0,PGVIB-1.JPG
0,PGVIB-2.JPG
0,PGVIB-2S.JPG
0,PGVIB-2T.JPG
0,PGVIB-3.JPG
0,PGVIB-3S.JPG
0,PGVIB-3T.JPG
0,PGVIB.PSD
0,PGVS-0.JPG
0,PGVS-1.JPG
0,PGVS-2.JPG
0,PGVS-2S.JPG
0,PGVS-2T.JPG
0,PGVS.PSD
0,PGVSB-0.JPG
0,PGVSB-1.JPG
0,PGVSB-2.JPG
0,PGVSB-2S.JPG
0,PGVSB-2T.JPG
0,PGVSB.TIF
0,PH-0.JPG
0,PH-1.JPG
0,PH-2.JPG
0,PH-2S.JPG
0,PH-2T.JPG
0,PH-3.JPG
0,PH-3S.JPG
0,PH-3T.JPG
0,PH.PSD
0,PH_CLOSEUP.PSD
0,PICK-LB-0.JPG
0,PICK-LB-1.JPG
0,PICK-LB-2.JPG
0,PICK-LB-2S.JPG
0,PICK-LB-2T.JPG
0,PICK-LB-3.JPG
0,PICK-LB-3S.JPG
0,PICK-LB-3T.JPG
0,PLKZB-0.JPG
0,PLKZB-1.JPG
0,PLKZB-2.JPG
0,PLKZB-2S.JPG
0,PLKZB-2T.JPG
0,PM-110-0.JPG
0,PM-110-1.JPG
0,PM-110-2.JPG
0,PM-110-2S.JPG
0,PM-110-2T.JPG
0,PM-110.JPG
0,PMARRS-0.JPG
0,PMARRS-1.JPG
0,PMARRS-2.JPG
0,PMARRS-2S.JPG
0,PMARRS-2T.JPG
0,PMARRS.JPG
0,PO-AGX-0.JPG
0,PO-AGX-1.JPG
0,PO-AGX-2.JPG
0,PO-AGX-2S.JPG
0,PO-AGX-2T.JPG
0,PO-AGX-3.JPG
0,PO-AGX-3S.JPG
0,PO-AGX-3T.JPG
0,PO-AGX-4.JPG
0,PO-AGX-4S.JPG
0,PO-AGX-4T.JPG
0,PO-AGX.TIF
0,PP-50-0.JPG
0,PP-50-1.JPG
0,PP-50-2.JPG
0,PP-50-2S.JPG
0,PP-50-2T.JPG
0,PP-50.PSD
0,PR22-0.JPG
0,PR22-1.JPG
0,PR22-2.JPG
0,PR22-2S.JPG
0,PR22-2T.JPG
0,PR221-2S.JPG
0,PR221-3S.JPG
0,PRATH.JPG
0,PS-201 GLAM ROCK.PSD
0,PS-3H.PSD
0,PS-4-JS-0.JPG
0,PS-4-JS-1.JPG
0,PS-4-JS-10.JPG
0,PS-4-JS-10S.JPG
0,PS-4-JS-10T.JPG
0,PS-4-JS-11.JPG
0,PS-4-JS-11S.JPG
0,PS-4-JS-11T.JPG
0,PS-4-JS-2.JPG
0,PS-4-JS-2S.JPG
0,PS-4-JS-2T.JPG
0,PS-4-JS-3.JPG
0,PS-4-JS-3S.JPG
0,PS-4-JS-3T.JPG
0,PS-4-JS-4.JPG
0,PS-4-JS-4S.JPG
0,PS-4-JS-4T.JPG
0,PS-4-JS-5.JPG
0,PS-4-JS-5S.JPG
0,PS-4-JS-5T.JPG
0,PS-4-JS-6.JPG
0,PS-4-JS-6S.JPG
0,PS-4-JS-6T.JPG
0,PS-4-JS-7.JPG
0,PS-4-JS-7S.JPG
0,PS-4-JS-7T.JPG
0,PS-4-JS-8.JPG
0,PS-4-JS-8S.JPG
0,PS-4-JS-8T.JPG
0,PS-4-JS-9.JPG
0,PS-4-JS-9S.JPG
0,PS-4-JS-9T.JPG
0,PS-C.JPG
0,PS201-0.JPG
0,PS201-1.JPG
0,PS201-2.JPG
0,PS201-2S.JPG
0,PS201-2T.JPG
0,PS201-3.JPG
0,PS201-3S.JPG
0,PS201-3T.JPG
0,PS201-4.JPG
0,PS201-4S.JPG
0,PS201-4T.JPG
0,PS201-5.JPG
0,PS201-5S.JPG
0,PS201-5T.JPG
0,PSHPSPR.JPG
0,PT-0.JPG
0,PT-1.JPG
0,PT-2.JPG
0,PT-2S.JPG
0,PT-2T.JPG
0,PT-51C.PNG
0,PT-71C.PNG
0,PT.TIF
0,PTAM10-0.JPG
0,PTAM10-1.JPG
0,PTAM10-2.JPG
0,PTAM10-2S.JPG
0,PTAM10-2T.JPG
0,PTAMBR-0.JPG
0,PTAMBR-1.JPG
0,PTAMBR-2.JPG
0,PTAMBR-2S.JPG
0,PTAMBR-2T.JPG
0,PTAMBR.JPG
0,PTAMTR-0.JPG
0,PTAMTR-1.JPG
0,PTAMTR-2.JPG
0,PTAMTR-2S.JPG
0,PTAMTR-2T.JPG
0,PTRAYSM-0.JPG
0,PTRAYSM-1.JPG
0,PTRAYSM-2.JPG
0,PTRAYSM-2S.JPG
0,PTRAYSM-2T.JPG
0,PTRAYSM.JPG
0,PV_LOGO_BLACK.AI
0,PINKFLOYDLOGO2.PSD
0,PITCHPIPES-0.JPG
0,PITCHPIPES-1.JPG
0,PITCHPIPES-2.JPG
0,PITCHPIPES-2S.JPG
0,PITCHPIPES-2T.JPG
0,PLAYONLOGO.AI
0,R-DTRAT.JPG
0,R-FATRAT.WEBP
0,R-LILRAT.WEBP
0,R-RAT2.JPG
0,R-SOLO.JPG
0,R-SR1.PSD
0,R-TRAT.JPG
0,R-W-0.JPG
0,R-W-1.JPG
0,R-W-2.JPG
0,R-W-2S.JPG
0,R-W-2T.JPG
0,R-W.TIF
0,R-YDRAT.JPG
0,RD-0.JPG
0,RD-1.JPG
0,RD-1.PSD
0,RD-111.PSD
0,RD-13-0.JPG
0,RD-13-1.JPG
0,RD-13-2.JPG
0,RD-13-2S.JPG
0,RD-13-2T.JPG
0,RD-13.PSD
0,RD-2.JPG
0,RD-2S.JPG
0,RD-2T.JPG
0,RDL-0.JPG
0,RDL-1.JPG
0,RDL-2.JPG
0,RDL-2S.JPG
0,RDL-2T.JPG
0,RDL-70.PSD
0,RDM-100SH-0.JPG
0,RDM-100SH-1.JPG
0,RDM-100SH-2.JPG
0,RDM-100SH-2S.JPG
0,RDM-100SH-2T.JPG
0,RDM-100SH-3.JPG
0,RDM-100SH-3S.JPG
0,RDM-100SH-3T.JPG
0,RDM-100SH-4.JPG
0,RDM-100SH-4S.JPG
0,RDM-100SH-4T.JPG
0,RDM-100SH-5.JPG
0,RDM-100SH-5S.JPG
0,RDM-100SH-5T.JPG
0,RDM-100SH-6.JPG
0,RDM-100SH-6S.JPG
0,RDM-100SH-6T.JPG
0,RDM-100SH-R.PSD
0,RDM-100SH.PSD
0,RDM-1200VH-0.JPG
0,RDM-1200VH-1.JPG
0,RDM-1200VH-2.JPG
0,RDM-1200VH-2S.JPG
0,RDM-1200VH-2T.JPG
0,RDM-1200VH.PSD
0,RDM-400-0.JPG
0,RDM-400-1.JPG
0,RDM-400-2.JPG
0,RDM-400-2S.JPG
0,RDM-400-2T.JPG
0,RDM-400P-0.JPG
0,RDM-400P-1.JPG
0,RDM-400P-2.JPG
0,RDM-400P-2S.JPG
0,RDM-400P-2T.JPG
0,RDM1300CH-0.JPG
0,RDM1300CH-1.JPG
0,RDM1300CH-2.JPG
0,RDM1300CH-2S.JPG
0,RDM1300CH-2T.JPG
0,RDM1500BH-0.JPG
0,RDM1500BH-1.JPG
0,RDM1500BH-2.JPG
0,RDM1500BH-2S.JPG
0,RDM1500BH-2T.JPG
0,RMD-400P.TIF
0,RMD1300CH.PSD
0,ROSIN--0.JPG
0,ROSIN--1.JPG
0,ROSIN--2.JPG
0,ROSIN--2S.JPG
0,ROSIN--2T.JPG
0,RT80.JPG
0,ROMANIA FLAG.AI
0,S-0.JPG
0,S-1.JPG
0,S-2.JPG
0,S-2S.JPG
0,S-2T.JPG
0,S-3.JPG
0,S-3S.JPG
0,S-3T.JPG
0,S-4.JPG
0,S-4S.JPG
0,S-4T.JPG
0,S-5.JPG
0,S-5S.JPG
0,S-5T.JPG
0,S-6.JPG
0,S-6S.JPG
0,S-6T.JPG
0,S-7.JPG
0,S-7S.JPG
0,S-7T.JPG
0,S-BL.JPG
0,S-BLK.JPG
0,S-BLUE.JPG
0,S-BRN.JPG
0,S-MAROON.JPG
0,S-PURPLE.JPG
0,S-RD.JPG
0,S-TAN.JPG
0,S-TEAL.JPG
0,SA-1-0.JPG
0,SA-1-1.JPG
0,SA-1-2.JPG
0,SA-1-2S.JPG
0,SA-1-2T.JPG
0,SA-1.JPG
0,SABIAN LOGO-NEW18-BLACK.AI
0,SAMPLE1-2S.JPG
0,SAMPLE2-2S.JPG
0,SAMPLE3-2S.JPG
0,SAMPLE4-2S.JPG
0,SAX-1-0.JPG
0,SAX-1-1.JPG
0,SAX-1-2.JPG
0,SAX-1-2S.JPG
0,SAX-1-2T.JPG
0,SB-C-0.JPG
0,SB-C-1.JPG
0,SB-C-2.JPG
0,SB-C-2S.JPG
0,SB-C-2T.JPG
0,SBR-5002-0.JPG
0,SBR-5002-1.JPG
0,SBR-5002-2.JPG
0,SBR-5002-2S.JPG
0,SBR-5002-2T.JPG
0,SBR-5003-0.JPG
0,SBR-5003-1.JPG
0,SBR-5003-2.JPG
0,SBR-5003-2S.JPG
0,SBR-5003-2T.JPG
0,SBR1005-0.JPG
0,SBR1005-1.JPG
0,SBR1005-2.JPG
0,SBR1005-2S.JPG
0,SBR1005-2T.JPG
0,SBR1402-0.JPG
0,SBR1402-1.JPG
0,SBR1402-2.JPG
0,SBR1402-2S.JPG
0,SBR1402-2T.JPG
0,SBR1606-0.JPG
0,SBR1606-1.JPG
0,SBR1606-2.JPG
0,SBR1606-2S.JPG
0,SBR1606-2T.JPG
0,SBR1811-0.JPG
0,SBR1811-1.JPG
0,SBR1811-2.JPG
0,SBR1811-2S.JPG
0,SBR1811-2T.JPG
0,SBR2012-0.JPG
0,SBR2012-1.JPG
0,SBR2012-2.JPG
0,SBR2012-2S.JPG
0,SBR2012-2T.JPG
0,SBR5001-0.JPG
0,SBR5001-1.JPG
0,SBR5001-2.JPG
0,SBR5001-2S.JPG
0,SBR5001-2T.JPG
0,SD-1-0.JPG
0,SD-1-1.JPG
0,SD-1-2.JPG
0,SD-1-2S.JPG
0,SD-1-2T.JPG
0,SD-1.PSD
0,SG-28-0.JPG
0,SG-28-1.JPG
0,SG-28-2.JPG
0,SG-28-2S.JPG
0,SG-28-2T.JPG
0,SG-28.TIF
0,SH-2 PIX.JPEG
0,SH-2.PSD
0,SH01.JPG
0,SH02.JPG
0,SH03.JPG
0,SL--0.JPG
0,SL--1.JPG
0,SL--2.JPG
0,SL--2S.JPG
0,SL--2T.JPG
0,SL-0.JPG
0,SL-1.JPG
0,SL-1446.JPG
0,SL-2.JPG
0,SL-225SK-0.JPG
0,SL-225SK-1.JPG
0,SL-225SK-2.JPG
0,SL-225SK-2S.JPG
0,SL-225SK-2T.JPG
0,SL-2S.JPG
0,SL-2T.JPG
0,SL-3.JPG
0,SL-3S.JPG
0,SL-3T.JPG
0,SL-4.JPG
0,SL-447 PACKAGING.JPG
0,SL-447.JPG
0,SL-4S.JPG
0,SL-4T.JPG
0,SLS1031N.TIF
0,SLS1101N-0.JPG
0,SLS1101N-1.JPG
0,SLS1101N-2.JPG
0,SLS1101N-2S.JPG
0,SLS1101N-2T.JPG
0,SLS1101N-3.JPG
0,SLS1101N-3S.JPG
0,SLS1101N-3T.JPG
0,SLS1101N-4.JPG
0,SLS1101N-4S.JPG
0,SLS1101N-4T.JPG
0,SLS1101N-5.JPG
0,SLS1101N-5S.JPG
0,SLS1101N-5T.JPG
0,SLS1101N-6.JPG
0,SLS1101N-6S.JPG
0,SLS1101N-6T.JPG
0,SLS1101N.TIF
0,SLS1401N.TIF
0,SLS1501N.TIF
0,SMK-0.JPG
0,SMK-1.JPG
0,SMK-2.JPG
0,SMK-2S.JPG
0,SMK-2T.JPG
0,SMK-3.JPG
0,SMK-3S.JPG
0,SMK-3T.JPG
0,SMK.PSD
0,SMS.JPG
0,SN-10S.PSD
0,SN-1X-0.JPG
0,SN-1X-1.JPG
0,SN-1X-2.JPG
0,SN-1X-2S.JPG
0,SN-1X-2T.JPG
0,SN-2.PSD
0,SND-200-0.JPG
0,SND-200-1.JPG
0,SND-200-2.JPG
0,SND-200-2S.JPG
0,SND-200-2T.JPG
0,SND-200.TIF
0,SND-C-0.JPG
0,SND-C-1.JPG
0,SND-C-2.JPG
0,SND-C-2S.JPG
0,SND-C-2T.JPG
0,SND-C.TIF
0,SND-CELLO.JPG
0,SND-F-0.JPG
0,SND-F-1.JPG
0,SND-F-2.JPG
0,SND-F-2S.JPG
0,SND-F-2T.JPG
0,SND-F.TIF
0,SND-T-0.JPG
0,SND-T-1.JPG
0,SND-T-2.JPG
0,SND-T-2S.JPG
0,SND-T-2T.JPG
0,SND-T.TIF
0,SO.JPG
0,SP-20-0.JPG
0,SP-20-1.JPG
0,SP-20-2.JPG
0,SP-20-2S.JPG
0,SP-20-2T.JPG
0,SP-20-3.JPG
0,SP-20-3S.JPG
0,SP-20-3T.JPG
0,SP-20.JPG
0,SP-20R.JPG
0,SP-3A-0.JPG
0,SP-3A-1.JPG
0,SP-3A-2.JPG
0,SP-3A-2S.JPG
0,SP-3A-2T.JPG
0,SP-3A.PSD
0,SP1.JPG
0,SP150.JPG
0,SP2.JPG
0,SP3.JPG
0,SPS-0.JPG
0,SPS-1.JPG
0,SPS-2.JPG
0,SPS-2S.JPG
0,SPS-2T.JPG
0,SPS200.JPG
0,SR-1-0.JPG
0,SR-1-1.JPG
0,SR-1-2.JPG
0,SR-1-2S.JPG
0,SR-1-2T.JPG
0,SR-1.TIF
0,SR-10-BK-0.JPG
0,SR-10-BK-1.JPG
0,SR-10-BK-2.JPG
0,SR-10-BK-2S.JPG
0,SR-10-BK-2T.JPG
0,SR-10-BK.TIF
0,SR-11-CB_F.TIF
0,SR-11-CR_F.TIF
0,SR-11-DK_F.TIF
0,SR-11-FG_F.TIF
0,SR-11-FH_F.TIF
0,SR-11-RC-0.JPG
0,SR-11-RC-1.JPG
0,SR-11-RC-2.JPG
0,SR-11-RC-2S.JPG
0,SR-11-RC-2T.JPG
0,SR-11-RC-3.JPG
0,SR-11-RC-3S.JPG
0,SR-11-RC-3T.JPG
0,SR-11-RC-4.JPG
0,SR-11-RC-4S.JPG
0,SR-11-RC-4T.JPG
0,SR-11-RC-5.JPG
0,SR-11-RC-5S.JPG
0,SR-11-RC-5T.JPG
0,SR-11-RC-6.JPG
0,SR-11-RC-6S.JPG
0,SR-11-RC-6T.JPG
0,SR-11-RC-7.JPG
0,SR-11-RC-7S.JPG
0,SR-11-RC-7T.JPG
0,SR-11-RC-8.JPG
0,SR-11-RC-8S.JPG
0,SR-11-RC-8T.JPG
0,SR-11-RC-9.JPG
0,SR-11-RC-9S.JPG
0,SR-11-RC-9T.JPG
0,SR-11-SL_F.TIF
0,SR-11-WL_F.TIF
0,SR-12-0.JPG
0,SR-12-1.JPG
0,SR-12-2.JPG
0,SR-12-2S.JPG
0,SR-12-2T.JPG
0,SR-12BK.JPG
0,SR-144A-0.JPG
0,SR-144A-1.JPG
0,SR-144A-2.JPG
0,SR-144A-2S.JPG
0,SR-144A-2T.JPG
0,SR-144A.TIF
0,SR-1W-0.JPG
0,SR-1W-1.JPG
0,SR-1W-2.JPG
0,SR-1W-2S.JPG
0,SR-1W-2T.JPG
0,SR-1W.TIF
0,SR-4-0.JPG
0,SR-4-1.JPG
0,SR-4-2.JPG
0,SR-4-2S.JPG
0,SR-4-2T.JPG
0,SR-4.JPG
0,SR-40N-0.JPG
0,SR-40N-1.JPG
0,SR-40N-2.JPG
0,SR-40N-2S.JPG
0,SR-40N-2T.JPG
0,SR-44-0.JPG
0,SR-44-1.JPG
0,SR-44-2.JPG
0,SR-44-2S.JPG
0,SR-44-2T.JPG
0,SR-44N-0.JPG
0,SR-44N-1.JPG
0,SR-44N-2.JPG
0,SR-44N-2S.JPG
0,SR-44N-2T.JPG
0,SR-44N.JPG
0,SR-5M-0.JPG
0,SR-5M-1.JPG
0,SR-5M-2.JPG
0,SR-5M-2S.JPG
0,SR-5M-2T.JPG
0,SR-5M.PSD
0,SR-9-0.JPG
0,SR-9-1.JPG
0,SR-9-2.JPG
0,SR-9-2S.JPG
0,SR-9-2T.JPG
0,SR-9.TIF
0,SR-EC-4-0.JPG
0,SR-EC-4-1.JPG
0,SR-EC-4-2.JPG
0,SR-EC-4-2S.JPG
0,SR-EC-4-2T.JPG
0,SR-EC-4.TIF
0,SR-EZ-4A-0.JPG
0,SR-EZ-4A-1.JPG
0,SR-EZ-4A-2.JPG
0,SR-EZ-4A-2S.JPG
0,SR-EZ-4A-2T.JPG
0,SR-EZ-4A.JPG
0,SR-M47-0.JPG
0,SR-M47-1.JPG
0,SR-M47-2.JPG
0,SR-M47-2S.JPG
0,SR-M47-2T.JPG
0,SR-M4T.JPG
0,SR22.JPG
0,SR88B-0.JPG
0,SR88B-1.JPG
0,SR88B-2.JPG
0,SR88B-2S.JPG
0,SR88B-2T.JPG
0,SR88B.TIF
0,SRLKC-0.JPG
0,SRLKC-1.JPG
0,SRLKC-2.JPG
0,SRLKC-2S.JPG
0,SRLKC-2T.JPG
0,SRVKC-0.JPG
0,SRVKC-1.JPG
0,SRVKC-2.JPG
0,SRVKC-2S.JPG
0,SRVKC-2T.JPG
0,SRVKC.PSD
0,SS-2102.JPG
0,SS-2107.TIF
0,SS-2122.JPG
0,SS-6104.JPG
0,SS-6108.JPG
0,SS-8107.JPG
0,SS11.TIF
0,SS20.PSD
0,SSST-S-SW.JPG
0,SST-AL.PSD
0,ST-2S-0.JPG
0,ST-2S-1.JPG
0,ST-2S-2.JPG
0,ST-2S-2S.JPG
0,ST-2S-2T.JPG
0,ST-977C-0.JPG
0,ST-977C-1.JPG
0,ST-977C-2.JPG
0,ST-977C-2S.JPG
0,ST-977C-2T.JPG
0,ST-977C-3.JPG
0,ST-977C-3S.JPG
0,ST-977C-3T.JPG
0,ST-GC2-0.JPG
0,ST-GC2-1.JPG
0,ST-GC2-2.JPG
0,ST-GC2-2S.JPG
0,ST-GC2-2T.JPG
0,ST-GC2.PSD
0,STLB-0.JPG
0,STLB-1.JPG
0,STLB-2.JPG
0,STLB-231CEQ.PSD
0,STLB-2S.JPG
0,STLB-2T.JPG
0,STLB-5 1.PSD
0,SV-150-0.JPG
0,SV-150-1.JPG
0,SV-150-2.JPG
0,SV-150-2S.JPG
0,SV-150-2T.JPG
0,SV-160-0.JPG
0,SV-160-1.JPG
0,SV-160-2.JPG
0,SV-160-2S.JPG
0,SV-160-2T.JPG
0,SV-160.JPG
0,SV-22-0.JPG
0,SV-22-1.JPG
0,SV-22-2.JPG
0,SV-22-2S.JPG
0,SV-22-2T.JPG
0,SV-22.TIF
0,SV1.PSD
0,SV201.PSD
0,SV302.PSD
0,SV501.PSD
0,SW-0.JPG
0,SW-1.JPG
0,SW-2.JPG
0,SW-2S.JPG
0,SW-2T.JPG
0,SW.PSD
0,SW10-0.JPG
0,SW10-1.JPG
0,SW10-2.JPG
0,SW10-2S.JPG
0,SW10-2T.JPG
0,SW10.JPG
0,SW5RL-0.JPG
0,SW5RL-1.JPG
0,SW5RL-2.JPG
0,SW5RL-2S.JPG
0,SW5RL-2T.JPG
0,SW5RL-3.JPG
0,SW5RL-3S.JPG
0,SW5RL-3T.JPG
0,SW5RL.JPG
0,SWA-0.JPG
0,SWA-1.JPG
0,SWA-2.JPG
0,SWA-2S.JPG
0,SWA-2T.JPG
0,SWA.JPG
0,SWS-5-0.JPG
0,SWS-5-1.JPG
0,SWS-5-2.JPG
0,SWS-5-2S.JPG
0,SWS-5-2T.JPG
0,SWS-5.TIF
0,SWS-SC-0.JPG
0,SWS-SC-1.JPG
0,SWS-SC-2.JPG
0,SWS-SC-2S.JPG
0,SWS-SC-2T.JPG
0,SWS-SC.TIF
0,SHURE_LOGO.PNG
0,STADIUMLOGO.AI
0,STRING SWING LOGO.JPG
0,T-1-0.JPG
0,T-1-1.JPG
0,T-1-2.JPG
0,T-1-2S.JPG
0,T-1-2T.JPG
0,T-1.EPS
0,T-6414S-0.JPG
0,T-6414S-1.JPG
0,T-6414S-2.JPG
0,T-6414S-2S.JPG
0,T-6414S-2T.JPG
0,T-6414S.TIF
0,T008K 2.PSD
0,T008K 1.PSD
0,TAM-10D-0.JPG
0,TAM-10D-1.JPG
0,TAM-10D-2.JPG
0,TAM-10D-2S.JPG
0,TAM-10D-2T.JPG
0,TAM-10D.TIF
0,TAM-10T-0.JPG
0,TAM-10T-1.JPG
0,TAM-10T-2.JPG
0,TAM-10T-2S.JPG
0,TAM-10T-2T.JPG
0,TAM-10T.PSD
0,TAM-10TR-0.JPG
0,TAM-10TR-1.JPG
0,TAM-10TR-2.JPG
0,TAM-10TR-2S.JPG
0,TAM-10TR-2T.JPG
0,TAM-10TR.JPG
0,TAM-4N.JPG
0,TAM-6N.JPG
0,TAM-8N.JPG
0,TAM-F-0.JPG
0,TAM-F-1.JPG
0,TAM-F-2.JPG
0,TAM-F-2S.JPG
0,TAM-F-2T.JPG
0,TAM-FBL.TIF
0,TAM-H-0.JPG
0,TAM-H-1.JPG
0,TAM-H-2.JPG
0,TAM-H-2S.JPG
0,TAM-H-2T.JPG
0,TAM-HH-0.JPG
0,TAM-HH-1.JPG
0,TAM-HH-2.JPG
0,TAM-HH-2S.JPG
0,TAM-HH-2T.JPG
0,TAM-HH.PSD
0,TAM-HR.TIF
0,TAM-JS-0.JPG
0,TAM-JS-1.JPG
0,TAM-JS-2.JPG
0,TAM-JS-2S.JPG
0,TAM-JS-2T.JPG
0,TAM-JS2-0.JPG
0,TAM-JS2-1.JPG
0,TAM-JS2-2.JPG
0,TAM-JS2-2S.JPG
0,TAM-JS2-2T.JPG
0,TAM-OD-1-0.JPG
0,TAM-OD-1-1.JPG
0,TAM-OD-1-2.JPG
0,TAM-OD-1-2S.JPG
0,TAM-OD-1-2T.JPG
0,TAM-OD-1.JPG
0,TAM-S-0.JPG
0,TAM-S-1.JPG
0,TAM-S-2.JPG
0,TAM-S-2S.JPG
0,TAM-S-2T.JPG
0,TDX-22II.PNG
0,TDX-23II.PNG
0,TEC-100-0.JPG
0,TEC-100-1.JPG
0,TEC-100-2.JPG
0,TEC-100-2S.JPG
0,TEC-100-2T.JPG
0,TEC-100.TIF
0,TEC-10B.PSD
0,TEC-12G.JPG
0,TEC-20R-0.JPG
0,PUBLIC_HTML/
0,VIDEOS/
0,TEC-20R-1.JPG
0,TEC-20R-2.JPG
0,TEC-20R-2S.JPG
0,TEC-20R-2T.JPG
0,TEC-20R.JPG
0,TEC-40A.PSD
0,TEC-40B110.JPG
0,TEC-40R.JPG
0,TEC-80A.JPG
0,TEC-80B-0.JPG
0,TEC-80B-1.JPG
0,TEC-80B-2.JPG
0,TEC-80B-2S.JPG
0,TEC-80B-2T.JPG
0,TEC-80G-0.JPG
0,TEC-80G-1.JPG
0,TEC-80G-2.JPG
0,TEC-80G-2S.JPG
0,TEC-80G-2T.JPG
0,TEC-80G.TIF
0,TMCHAC-0.JPG
0,TMCHAC-1.JPG
0,TMCHAC-2.JPG
0,TMCHAC-2S.JPG
0,TMCHAC-2T.JPG
0,TMCHAC.JPG
0,TMMAMB-0.JPG
0,TMMAMB-1.JPG
0,TMMAMB-2.JPG
0,TMMAMB-2S.JPG
0,TMMAMB-2T.JPG
0,TOB BUTTON L.AI
0,TPCJBTB.JPG
0,TPCWP-0.JPG
0,TPCWP-1.JPG
0,TPCWP-2.JPG
0,TPCWP-2S.JPG
0,TPCWP-2T.JPG
0,TPH-0.JPG
0,TPH-1.JPG
0,TPH-2.JPG
0,TPH-2S.JPG
0,TPH-2T.JPG
0,TPH.TIF
0,TPLWP15-0.JPG
0,TPLWP15-1.JPG
0,TPLWP15-2.JPG
0,TPLWP15-2S.JPG
0,TPLWP15-2T.JPG
0,TPVH110-0.JPG
0,TPVH110-1.JPG
0,TPVH110-2.JPG
0,TPVH110-2S.JPG
0,TPVH110-2T.JPG
0,TPVH110.TIF
0,TPVH112B-0.JPG
0,TPVH112B-1.JPG
0,TPVH112B-2.JPG
0,TPVH112B-2S.JPG
0,TPVH112B-2T.JPG
0,TPVH112B.TIF
0,TPVR-0.JPG
0,TPVR-1.JPG
0,TPVR-2.JPG
0,TPVR-2S.JPG
0,TPVR-2T.JPG
0,TPVR.TIF
0,TPVRR-0.JPG
0,TPVRR-1.JPG
0,TPVRR-2.JPG
0,TPVRR-2S.JPG
0,TPVRR-2T.JPG
0,TPVRR.TIF
0,TPVWP-1-0.JPG
0,TPVWP-1-1.JPG
0,TPVWP-1-2.JPG
0,TPVWP-1-2S.JPG
0,TPVWP-1-2T.JPG
0,TPVWP-1.PSD
0,TR--0.JPG
0,TR--1.JPG
0,TR--2.JPG
0,TR--2S.JPG
0,TR--2T.JPG
0,TREM-0.JPG
0,TREM-1.JPG
0,TREM-2.JPG
0,TREM-2S.JPG
0,TREM-2T.JPG
0,TREM-B.PSD
0,TWS-7071(3).JPG
0,TEC-80B.TIF
0,TORTEX LOGOTYPE.AI
0,UM-086.PSD
0,USSS56-0.JPG
0,USSS56-1.JPG
0,USSS56-2.JPG
0,USSS56-2S.JPG
0,USSS56-2T.JPG
0,USSS56-3.JPG
0,USSS56-3S.JPG
0,USSS56-3T.JPG
0,USSS80.JPG
0,ULTEX_JAZZIII.SIZED.TIF
0,ULTEX_JAZZIII_XL.SIZED.TIF
0,V-100-0.JPG
0,V-100-1.JPG
0,V-100-2.JPG
0,V-100-2S.JPG
0,V-100-2T.JPG
0,V-31-0.JPG
0,V-31-1.JPG
0,V-31-2.JPG
0,V-31-2S.JPG
0,V-31-2T.JPG
0,V-75.PSD
0,V-BOW-0.JPG
0,V-BOW-1.JPG
0,V-BOW-2.JPG
0,V-BOW-2S.JPG
0,V-BOW-2T.JPG
0,V-BOW.TIF
0,V700.PNG
0,VA-21-12.PSD
0,VB-0.JPG
0,VB-1.JPG
0,VB-1.TIF
0,VB-100-0.JPG
0,VB-100-1.JPG
0,VB-100-2.JPG
0,VB-100-2S.JPG
0,VB-100-2T.JPG
0,VB-100.TIF
0,VB-2.JPG
0,VB-2S.JPG
0,VB-2T.JPG
0,VB-9-0.JPG
0,VB-9-1.JPG
0,VB-9-2.JPG
0,VB-9-2S.JPG
0,VB-9-2T.JPG
0,VB-9140.PSD
0,VBF-0.JPG
0,VBF-1.JPG
0,VBF-100B.PSD
0,VBF-100BL-0.JPG
0,VBF-100BL-1.JPG
0,VBF-100BL-2.JPG
0,VBF-100BL-2S.JPG
0,VBF-100BL-2T.JPG
0,VBF-100BL-3.JPG
0,VBF-100BL-3S.JPG
0,VBF-100BL-3T.JPG
0,VBF-100BL-4.JPG
0,VBF-100BL-4S.JPG
0,VBF-100BL-4T.JPG
0,VBF-100BL-5.JPG
0,VBF-100BL-5S.JPG
0,VBF-100BL-5T.JPG
0,VBF-2.JPG
0,VBF-2S.JPG
0,VBF-2T.JPG
0,VBF-V-0.JPG
0,VBF-V-1.JPG
0,VBF-V-2.JPG
0,VBF-V-2S.JPG
0,VBF-V-2T.JPG
0,VC-110-0.JPG
0,VC-110-1.JPG
0,VC-110-2.JPG
0,VC-110-2S.JPG
0,VC-110-2T.JPG
0,VC-110.PSD
0,VC05-A-0.JPG
0,VC05-A-1.JPG
0,VC05-A-2.JPG
0,VC05-A-2S.JPG
0,VC05-A-2T.JPG
0,VC05-C-0.JPG
0,VC05-C-1.JPG
0,VC05-C-2.JPG
0,VC05-C-2S.JPG
0,VC05-C-2T.JPG
0,VC05-E-0.JPG
0,VC05-E-1.JPG
0,VC05-E-2.JPG
0,VC05-E-2S.JPG
0,VC05-E-2T.JPG
0,VC07-B-0.JPG
0,VC07-B-1.JPG
0,VC07-B-2.JPG
0,VC07-B-2S.JPG
0,VC07-B-2T.JPG
0,VC07-F-0.JPG
0,VC07-F-1.JPG
0,VC07-F-2.JPG
0,VC07-F-2S.JPG
0,VC07-F-2T.JPG
0,VC2014A.PSD
0,VC2014B.PSD
0,VCD-0.JPG
0,VCD-1.JPG
0,VCD-2.JPG
0,VCD-2S.JPG
0,VCD-2T.JPG
0,VM-1-0.JPG
0,VM-1-1.JPG
0,VM-1-2.JPG
0,VM-1-2S.JPG
0,VM-1-2T.JPG
0,VM-1.PSD
0,VM-2-0.JPG
0,VM-2-1.JPG
0,VM-2-2.JPG
0,VM-2-2S.JPG
0,VM-2-2T.JPG
0,VN-0.JPG
0,VN-1.JPG
0,VN-2.JPG
0,VN-2S.JPG
0,VN-2T.JPG
0,VO-0.JPG
0,VO-1.JPG
0,VO-2.JPG
0,VO-2S.JPG
0,VO-2T.JPG
0,VO.JPG
0,VO.PSD
0,VPP-6-0.JPG
0,VPP-6-1.JPG
0,VPP-6-2.JPG
0,VPP-6-2S.JPG
0,VPP-6-2T.JPG
0,VPP-6.JPG
0,VPR-1-0.JPG
0,VPR-1-1.JPG
0,VPR-1-2.JPG
0,VPR-1-2S.JPG
0,VPR-1-2T.JPG
0,VPR-1.PSD
0,VTP-1-0.JPG
0,VTP-1-1.JPG
0,VTP-1-2.JPG
0,VTP-1-2S.JPG
0,VTP-1-2T.JPG
0,VTP-1.TIF
0,WAZ-1-0.JPG
0,WAZ-1-1.JPG
0,WAZ-1-2.JPG
0,WAZ-1-2S.JPG
0,WAZ-1-2T.JPG
0,WAZ-1.JPG
0,WB-100-0.JPG
0,WB-100-1.JPG
0,WB-100-2.JPG
0,WB-100-2S.JPG
0,WB-100-2T.JPG
0,WDKWOODSTOCK.PSD
0,WS-0.JPG
0,WS-1.JPG
0,WS-2.JPG
0,WS-2S.JPG
0,WS-2T.JPG
0,WS.PSD
0,WSM-33-BL.PSD
0,WSM-33-PK.PSD
0,WSM-33-RD.PSD
0,WSM-33-WT.PSD
0,WSM-330-0.JPG
0,WSM-330-1.JPG
0,WSM-330-2.JPG
0,WSM-330-2S.JPG
0,WSM-330-2T.JPG
0,WSM-330-3.JPG
0,WSM-330-3S.JPG
0,WSM-330-3T.JPG
0,WSM-330-4.JPG
0,WSM-330-4S.JPG
0,WSM-330-4T.JPG
0,WSM-330-5.JPG
0,WSM-330-5S.JPG
0,WSM-330-5T.JPG
0,WSM-330-6.JPG
0,WSM-330-6S.JPG
0,WSM-330-6T.JPG
0,WSM-330-BK.TIF
0,Y-303-3-0.JPG
0,Y-303-3-1.JPG
0,Y-303-3-2.JPG
0,Y-303-3-2S.JPG
0,Y-303-3-2T.JPG
0,Y-303-3.JPG
0,Y-362-0.JPG
0,Y-362-1.JPG
0,Y-362-2.JPG
0,Y-362-2S.JPG
0,Y-362-2T.JPG
0,Y-362.JPG
0,Y-364-0.JPG
0,Y-364-1.JPG
0,Y-364-2.JPG
0,Y-364-2S.JPG
0,Y-364-2T.JPG
0,Y364.JPG
0,Z9000.TIF
0,Z9002-0.JPG
0,Z9002-1.JPG
0,Z9002-2.JPG
0,Z9002-2S.JPG
0,Z9002-2T.JPG
0,ZB-11000.JPG
0,ZB-BDA18 DISPLAY.JPEG
0,ZB-BDA18-0.JPG
0,ZB-BDA18-1.JPG
0,ZB-BDA18-2.JPG
0,ZB-BDA18-2S.JPG
0,ZB-BDA18-2T.JPG
0,ZB-BDA18-3.JPG
0,ZB-BDA18-3S.JPG
0,ZB-BDA18-3T.JPG
0,ZB-BDA18-4.JPG
0,ZB-BDA18-4S.JPG
0,ZB-BDA18-4T.JPG
0,ZB-BDA18.EPS
0,ACDC_LOGO.PSD
0,AT-07.JPG
0,CORDOVOXLOGO.AI
0,CREDIT CARDS.TIF
0,CROSSROADS LOGO.AI
0,DACHSUND.PNG
0,DEPLOYMENT.ZIP
0,DUNLOP LOGO.PSD
0,FFMPEG-LAYER.ZIP
0,FILE.BIN
0,GNRLOGO.PSD
0,GVSB-1.TIF
0,IA-3N.JPG
0,KISS_LOGO.PSD
0,MADEINCANADA.PSD
0,MARTIN LOGO.EPS
0,MINICONGA.TIF
0,MOTIONPICKSDEMO_ONELAYERV2.PSD
0,MOTLEYCRUE_LOGO.PSD
0,P-142.PSD
0,ROSIN-L.TIF
0,RUSH_LOGO.PSD
0,SBR5003.PNG
0,SCHALLER_LOGO.PSD
0,SCREENSHOTS
0,SHUBB CAPO LOGO.TIF
0,SNARE BAG.PSD
0,SNARK LOGO_1.PNG
0,STADIUM LOGO 2011.EPS
0,STRUNAL.AI
0,SV10.JPG
0,TEST.JPG
0,TRACE_LOGO.JPG
0,VIP_LOGO.PSD
0,VN-4_4.TIF
0,WITTNER LOGO.TIF
